Date,Open,High,Low,Close,Adj Close,Volume,sentiment
2018-02-01,0.540834,0.54297,0.42968,0.456455,0.456455,172407008.0,30
2018-02-02,0.455087,0.455087,0.285878,0.405075,0.405075,396784000.0,15
2018-02-03,0.40595,0.478678,0.345184,0.4300560000000001,0.4300560000000001,282348992.0,40
2018-02-04,0.42597,0.467492,0.366818,0.377231,0.377231,231808000.0,24
2018-02-05,0.383191,0.42534,0.312975,0.331192,0.331192,339507008.0,11
2018-02-06,0.33673800000000004,0.374247,0.266352,0.370811,0.370811,518084992.0,8
2018-02-07,0.368956,0.380924,0.337244,0.342125,0.342125,188328000.0,36
2018-02-08,0.34493,0.373893,0.34493,0.363565,0.363565,121448000.0,30
2018-02-09,0.360711,0.402324,0.348872,0.401068,0.401068,144231008.0,44
2018-02-10,0.39844,0.45392,0.3849530000000001,0.406856,0.406856,227551008.0,54
2018-02-11,0.406615,0.406615,0.357825,0.370005,0.370005,85791696.0,31
2018-02-12,0.374181,0.40182,0.374181,0.395649,0.395649,61140000.0,42
2018-02-13,0.396419,0.435547,0.374388,0.410614,0.410614,196175008.0,35
2018-02-14,0.409872,0.457474,0.402079,0.453888,0.453888,192628992.0,55
2018-02-15,0.452048,0.463623,0.44426,0.453556,0.453556,106142000.0,71
2018-02-16,0.451796,0.458327,0.441777,0.455446,0.455446,53289200.0,67
2018-02-17,0.455103,0.483244,0.451585,0.479075,0.479075,104733000.0,74
2018-02-18,0.479855,0.486165,0.441988,0.450399,0.450399,74452000.0,63
2018-02-19,0.450437,0.461753,0.448995,0.452932,0.452932,57015400.0,67
2018-02-20,0.452845,0.455373,0.399315,0.402289,0.402289,104842000.0,74
2018-02-21,0.399718,0.433562,0.379845,0.396765,0.396765,132189000.0,54
2018-02-22,0.393891,0.408898,0.358483,0.366447,0.366447,69561104.0,44
2018-02-23,0.364134,0.390408,0.352623,0.381985,0.381985,56829000.0,39
2018-02-24,0.382687,0.386899,0.346156,0.355163,0.355163,34738100.0,31
2018-02-25,0.354549,0.36694,0.336719,0.357302,0.357302,42268800.0,33
2018-02-26,0.358687,0.371765,0.346502,0.364579,0.364579,42535600.0,37
2018-02-27,0.364632,0.37245,0.35483400000000004,0.362051,0.362051,38136100.0,44
2018-02-28,0.36041,0.364738,0.333916,0.333916,0.333916,38961000.0,41
2018-03-01,0.334118,0.347566,0.321558,0.339314,0.339314,46631800.0,38
2018-03-02,0.338691,0.340805,0.31885,0.32010700000000003,0.32010700000000003,38378100.0,47
2018-03-03,0.319021,0.350168,0.313368,0.350168,0.350168,52827100.0,56
2018-03-04,0.354031,0.363792,0.342398,0.36193,0.36193,99892704.0,44
2018-03-05,0.363777,0.398224,0.352031,0.352031,0.352031,98523696.0,55
2018-03-06,0.35175300000000004,0.366554,0.335254,0.337911,0.337911,44141000.0,59
2018-03-07,0.337814,0.349137,0.300388,0.32910300000000003,0.32910300000000003,62389100.0,37
2018-03-08,0.329847,0.341127,0.306218,0.311938,0.311938,47233100.0,39
2018-03-09,0.311237,0.31544,0.267454,0.311859,0.311859,56838800.0,37
2018-03-10,0.315618,0.320392,0.29007,0.292661,0.292661,21963200.0,39
2018-03-11,0.291868,0.306688,0.280042,0.304217,0.304217,26023900.0,40
2018-03-12,0.30430100000000004,0.312193,0.28633200000000003,0.291765,0.291765,29443200.0,41
2018-03-13,0.29015100000000005,0.301183,0.28229,0.290193,0.290193,24814700.0,41
2018-03-14,0.29185,0.297763,0.240711,0.248689,0.248689,49138300.0,40
2018-03-15,0.248854,0.250575,0.217064,0.240655,0.240655,54358800.0,32
2018-03-16,0.240988,0.241545,0.227545,0.229991,0.229991,23756700.0,33
2018-03-17,0.230277,0.234321,0.200989,0.206731,0.206731,33001800.0,31
2018-03-18,0.206409,0.22282800000000005,0.158913,0.220473,0.220473,91400496.0,29
2018-03-19,0.222368,0.250226,0.212955,0.250226,0.250226,93820800.0,29
2018-03-20,0.249992,0.282082,0.235574,0.267968,0.267968,88101600.0,37
2018-03-21,0.27067,0.271789,0.249781,0.25463600000000003,0.25463600000000003,93970496.0,36
2018-03-22,0.25517,0.259328,0.228713,0.243212,0.243212,53777200.0,36
2018-03-23,0.242993,0.242993,0.224581,0.236147,0.236147,49937100.0,28
2018-03-24,0.237745,0.245778,0.234044,0.235422,0.235422,37806800.0,32
2018-03-25,0.233062,0.242739,0.23037800000000005,0.239952,0.239952,31527600.0,30
2018-03-26,0.239258,0.246144,0.217238,0.228861,0.228861,44406300.0,31
2018-03-27,0.228565,0.229138,0.20523,0.216033,0.216033,37693300.0,24
2018-03-28,0.215889,0.225843,0.215086,0.21925100000000008,0.21925100000000008,21717600.0,24
2018-03-29,0.2192260000000001,0.22146,0.187853,0.190819,0.190819,44352600.0,18
2018-03-30,0.190582,0.199357,0.17493399999999998,0.188733,0.188733,37767000.0,12
2018-03-31,0.189039,0.2207800000000001,0.189039,0.206778,0.206778,82895904.0,16
2018-04-01,0.207723,0.21339,0.190688,0.206582,0.206582,43075500.0,16
2018-04-02,0.207131,0.233383,0.204698,0.224878,0.224878,70195696.0,11
2018-04-03,0.225992,0.239845,0.225069,0.235691,0.235691,76510096.0,22
2018-04-04,0.233729,0.236577,0.20238,0.204108,0.204108,58482100.0,22
2018-04-05,0.207124,0.2091530000000001,0.191903,0.19794,0.19794,46694000.0,17
2018-04-06,0.197781,0.199645,0.18909,0.193317,0.193317,30056300.0,19
2018-04-07,0.193547,0.20575,0.192891,0.201859,0.201859,27242100.0,20
2018-04-08,0.201817,0.207877,0.201279,0.206377,0.206377,18973800.0,17
2018-04-09,0.206718,0.213455,0.192837,0.197333,0.197333,36684300.0,21
2018-04-10,0.197444,0.201289,0.196407,0.199344,0.199344,26841200.0,18
2018-04-11,0.199526,0.212465,0.198926,0.212337,0.212337,40041100.0,20
2018-04-12,0.211258,0.242264,0.206995,0.24212,0.24212,103292000.0,18
2018-04-13,0.241112,0.26708000000000004,0.23292,0.24629,0.24629,112587000.0,23
2018-04-14,0.245338,0.259121,0.2426,0.250668,0.250668,44754800.0,23
2018-04-15,0.250979,0.296395,0.250979,0.290722,0.290722,129731000.0,23
2018-04-16,0.290237,0.301667,0.272608,0.284156,0.284156,90408600.0,23
2018-04-17,0.284747,0.317498,0.279779,0.300202,0.300202,112255000.0,26
2018-04-18,0.300338,0.353661,0.300338,0.351544,0.351544,158384992.0,24
2018-04-19,0.35472600000000004,0.377249,0.34903,0.36612,0.36612,171820000.0,25
2018-04-20,0.366551,0.398048,0.3565,0.391165,0.391165,170282000.0,26
2018-04-21,0.391513,0.398127,0.3484,0.375663,0.375663,119787000.0,32
2018-04-22,0.375207,0.383253,0.365541,0.368139,0.368139,64261400.0,31
2018-04-23,0.367921,0.37505,0.367044,0.372128,0.372128,57282000.0,28
2018-04-24,0.372631,0.407527,0.370864,0.40067,0.40067,120285000.0,29
2018-04-25,0.397897,0.3984,0.329635,0.339517,0.339517,130724000.0,64
2018-04-26,0.341455,0.388597,0.331014,0.387556,0.387556,152903008.0,47
2018-04-27,0.386439,0.425157,0.38391,0.391085,0.391085,177676992.0,55
2018-04-28,0.390447,0.435816,0.390447,0.428918,0.428918,105747000.0,54
2018-04-29,0.429945,0.461518,0.424669,0.458405,0.458405,156688992.0,61
2018-04-30,0.458688,0.460128,0.417446,0.424659,0.424659,81453296.0,59
2018-05-01,0.425853,0.451238,0.397226,0.439733,0.439733,152906000.0,56
2018-05-02,0.439037,0.446807,0.434455,0.439227,0.439227,68610896.0,52
2018-05-03,0.439016,0.442878,0.429411,0.437379,0.437379,83481296.0,55
2018-05-04,0.438234,0.439682,0.4253560000000001,0.43114,0.43114,51379800.0,56
2018-05-05,0.431216,0.435669,0.428005,0.430875,0.430875,44096200.0,63
2018-05-06,0.430338,0.432132,0.40805,0.412944,0.412944,43793500.0,67
2018-05-07,0.413665,0.414859,0.381616,0.395702,0.395702,48023200.0,56
2018-05-08,0.396568,0.411193,0.379952,0.386371,0.386371,50210900.0,62
2018-05-09,0.385144,0.3889780000000001,0.359381,0.37797,0.37797,54383500.0,53
2018-05-10,0.377714,0.386574,0.353962,0.353962,0.353962,39548400.0,63
2018-05-11,0.353429,0.355498,0.3008,0.314252,0.314252,80168200.0,41
2018-05-12,0.314162,0.364699,0.304241,0.359937,0.359937,93267504.0,44
2018-05-13,0.359814,0.381345,0.357971,0.375852,0.375852,73407904.0,40
2018-05-14,0.376304,0.383316,0.350513,0.36968,0.36968,58938400.0,40
2018-05-15,0.369699,0.373292,0.348445,0.348445,0.348445,39801700.0,40
2018-05-16,0.346798,0.347675,0.323518,0.334677,0.334677,43623300.0,32
2018-05-17,0.335431,0.350488,0.310994,0.313497,0.313497,31796700.0,31
2018-05-18,0.313269,0.319522,0.306723,0.319488,0.319488,31108600.0,37
2018-05-19,0.319639,0.32910500000000004,0.312646,0.317234,0.317234,23504200.0,31
2018-05-20,0.317749,0.334381,0.315875,0.33281,0.33281,30586700.0,32
2018-05-21,0.33296,0.33342,0.315671,0.31811500000000004,0.31811500000000004,27528600.0,41
2018-05-22,0.318612,0.321454,0.301084,0.301084,0.301084,31944800.0,30
2018-05-23,0.300583,0.301912,0.272845,0.280355,0.280355,39564300.0,26
2018-05-24,0.279751,0.29644000000000004,0.276007,0.291338,0.291338,45262500.0,27
2018-05-25,0.292986,0.298521,0.283877,0.288069,0.288069,45218800.0,25
2018-05-26,0.288601,0.29488000000000003,0.283048,0.284695,0.284695,40772900.0,23
2018-05-27,0.284194,0.284375,0.274538,0.276376,0.276376,45604600.0,19
2018-05-28,0.276329,0.27894,0.252205,0.25358200000000003,0.25358200000000003,48667900.0,22
2018-05-29,0.253952,0.283321,0.249187,0.282845,0.282845,62185300.0,16
2018-05-30,0.283893,0.295864,0.271554,0.277747,0.277747,59599500.0,38
2018-05-31,0.278473,0.302591,0.273827,0.296652,0.296652,78378600.0,25
2018-06-01,0.296535,0.299187,0.283216,0.290022,0.290022,62207300.0,24
2018-06-02,0.290961,0.303062,0.28985,0.298413,0.298413,58244800.0,27
2018-06-03,0.298581,0.309325,0.298349,0.302912,0.302912,64563800.0,40
2018-06-04,0.304636,0.30908800000000003,0.288416,0.292158,0.292158,56371200.0,41
2018-06-05,0.292134,0.29798,0.282434,0.294313,0.294313,48728900.0,26
2018-06-06,0.293325,0.299955,0.2895,0.298269,0.298269,51165000.0,42
2018-06-07,0.297974,0.305812,0.291841,0.294206,0.294206,49336800.0,38
2018-06-08,0.29377600000000004,0.296246,0.285597,0.287963,0.287963,47014400.0,40
2018-06-09,0.287071,0.29324,0.281894,0.281894,0.281894,44872900.0,39
2018-06-10,0.282765,0.282765,0.24272800000000005,0.247658,0.247658,54768500.0,24
2018-06-11,0.247103,0.25648200000000004,0.241464,0.25648200000000004,0.25648200000000004,47904600.0,15
2018-06-12,0.255286,0.255565,0.228748,0.231689,0.231689,47126900.0,19
2018-06-13,0.232297,0.23392,0.212596,0.221691,0.221691,48479300.0,19
2018-06-14,0.22189,0.243708,0.219758,0.2424260000000001,0.2424260000000001,53521800.0,17
2018-06-15,0.241695,0.242083,0.232559,0.234242,0.234242,37531000.0,26
2018-06-16,0.232527,0.235072,0.227153,0.234041,0.234041,34627700.0,22
2018-06-17,0.233146,0.235942,0.230298,0.232105,0.232105,31223300.0,23
2018-06-18,0.231517,0.240065,0.225079,0.234371,0.234371,36372000.0,27
2018-06-19,0.233515,0.239484,0.232644,0.235309,0.235309,34048000.0,32
2018-06-20,0.236379,0.23817,0.227794,0.232188,0.232188,43000600.0,34
2018-06-21,0.232437,0.236066,0.226508,0.227997,0.227997,38175500.0,37
2018-06-22,0.22765700000000005,0.228462,0.198004,0.203407,0.203407,41435400.0,28
2018-06-23,0.20367,0.206931,0.197436,0.203515,0.203515,33872100.0,17
2018-06-24,0.203188,0.203222,0.178151,0.193633,0.193633,43348500.0,15
2018-06-25,0.193652,0.200452,0.188813,0.197753,0.197753,38729400.0,16
2018-06-26,0.196489,0.197847,0.184877,0.186484,0.186484,31190300.0,21
2018-06-27,0.184523,0.193435,0.183107,0.189633,0.189633,34514300.0,18
2018-06-28,0.18875,0.192287,0.177071,0.178951,0.178951,32294900.0,20
2018-06-29,0.179309,0.187823,0.173148,0.18671,0.18671,39542800.0,16
2018-06-30,0.186915,0.199292,0.186915,0.193425,0.193425,47083800.0,22
2018-07-01,0.19285,0.20131,0.190414,0.198573,0.198573,41380400.0,27
2018-07-02,0.200196,0.21382,0.192646,0.21315100000000006,0.21315100000000006,49362900.0,27
2018-07-03,0.211672,0.218992,0.204606,0.206315,0.206315,49012200.0,31
2018-07-04,0.205776,0.216548,0.203362,0.209735,0.209735,33301500.0,33
2018-07-05,0.210213,0.214188,0.199528,0.202978,0.202978,37009800.0,37
2018-07-06,0.203001,0.209693,0.198991,0.206381,0.206381,37627900.0,34
2018-07-07,0.206104,0.209379,0.200413,0.20845,0.20845,36238600.0,34
2018-07-08,0.20895300000000008,0.216208,0.207633,0.209783,0.209783,40958600.0,38
2018-07-09,0.210637,0.213485,0.206826,0.207929,0.207929,38649000.0,39
2018-07-10,0.206595,0.207311,0.191603,0.191889,0.191889,36923400.0,37
2018-07-11,0.191825,0.194245,0.18468,0.189504,0.189504,33530700.0,29
2018-07-12,0.190298,0.19043,0.179743,0.185719,0.185719,35633800.0,33
2018-07-13,0.185986,0.204272,0.183816,0.204272,0.204272,49954700.0,29
2018-07-14,0.203789,0.211421,0.197084,0.207877,0.207877,43684700.0,29
2018-07-15,0.208031,0.22230300000000008,0.205996,0.219871,0.219871,51388000.0,32
2018-07-16,0.219478,0.2379280000000001,0.21746,0.2379280000000001,0.2379280000000001,51377800.0,36
2018-07-17,0.238004,0.253499,0.228724,0.252967,0.252967,60804000.0,39
2018-07-18,0.253249,0.31800900000000004,0.251712,0.2984,0.2984,238660000.0,42
2018-07-19,0.296818,0.316271,0.280489,0.30251300000000003,0.30251300000000003,190768000.0,44
2018-07-20,0.302421,0.303164,0.267198,0.271492,0.271492,132780000.0,47
2018-07-21,0.27038,0.294494,0.259513,0.292259,0.292259,103169000.0,43
2018-07-22,0.290739,0.30446,0.281031,0.283534,0.283534,98754600.0,46
2018-07-23,0.283119,0.29884,0.281608,0.284384,0.284384,91948800.0,44
2018-07-24,0.28492199999999995,0.304381,0.280882,0.301456,0.301456,107505000.0,49
2018-07-25,0.297336,0.348664,0.294358,0.331706,0.331706,180428000.0,54
2018-07-26,0.332303,0.34836300000000003,0.29846,0.309552,0.309552,173806000.0,53
2018-07-27,0.308283,0.322608,0.296822,0.316882,0.316882,109249000.0,47
2018-07-28,0.317788,0.32300100000000004,0.31102,0.315229,0.315229,72393904.0,54
2018-07-29,0.31640100000000004,0.318472,0.305141,0.308399,0.308399,69073696.0,54
2018-07-30,0.308645,0.308645,0.281066,0.295923,0.295923,87990000.0,53
2018-07-31,0.295472,0.295472,0.267827,0.278009,0.278009,90072600.0,48
2018-08-01,0.278127,0.282404,0.265441,0.276268,0.276268,78075400.0,39
2018-08-02,0.276901,0.2814,0.261192,0.261192,0.261192,64773900.0,39
2018-08-03,0.261763,0.268918,0.246723,0.258956,0.258956,78914000.0,36
2018-08-04,0.257761,0.261043,0.236501,0.240724,0.240724,62650500.0,31
2018-08-05,0.241105,0.246923,0.236088,0.244218,0.244218,50833600.0,23
2018-08-06,0.245017,0.248388,0.232036,0.234705,0.234705,52688700.0,25
2018-08-07,0.234099,0.245397,0.228993,0.230672,0.230672,64467600.0,25
2018-08-08,0.230009,0.230009,0.195939,0.201351,0.201351,68469800.0,23
2018-08-09,0.201653,0.2257760000000001,0.198731,0.221435,0.221435,75813300.0,19
2018-08-10,0.221085,0.236659,0.215707,0.22543,0.22543,110186000.0,21
2018-08-11,0.224944,0.22508000000000009,0.202855,0.217665,0.217665,87523800.0,18
2018-08-12,0.218225,0.228675,0.2164510000000001,0.223601,0.223601,69114300.0,18
2018-08-13,0.2234,0.243137,0.219708,0.223559,0.223559,100249000.0,21
2018-08-14,0.222632,0.222632,0.200299,0.216706,0.216706,95074200.0,16
2018-08-15,0.218285,0.231441,0.216437,0.216954,0.216954,98247500.0,18
2018-08-16,0.215885,0.221991,0.209144,0.21603200000000009,0.21603200000000009,66979600.0,21
2018-08-17,0.215555,0.239695,0.215364,0.23812,0.23812,85576200.0,19
2018-08-18,0.239124,0.24527,0.2206,0.224235,0.224235,73536300.0,24
2018-08-19,0.223625,0.23174,0.217247,0.222723,0.222723,58941500.0,27
2018-08-20,0.23002,0.235864,0.213588,0.216457,0.216457,56916000.0,26
2018-08-21,0.217877,0.227195,0.210588,0.214708,0.214708,57619800.0,19
2018-08-22,0.219224,0.238291,0.205148,0.206896,0.206896,57593700.0,21
2018-08-23,0.213642,0.222162,0.206242,0.222162,0.222162,50407300.0,18
2018-08-24,0.214871,0.22547,0.2111780000000001,0.219806,0.219806,46565700.0,19
2018-08-25,0.221346,0.225616,0.21394,0.217795,0.217795,37623300.0,22
2018-08-26,0.223861,0.223861,0.210491,0.21484,0.21484,41019000.0,19
2018-08-27,0.213918,0.225866,0.213592,0.225437,0.225437,50597200.0,18
2018-08-28,0.224904,0.236806,0.223158,0.234745,0.234745,66510100.0,19
2018-08-29,0.234244,0.236947,0.223817,0.226211,0.226211,59888100.0,19
2018-08-30,0.226858,0.229215,0.213161,0.220902,0.220902,52981700.0,22
2018-08-31,0.221804,0.223162,0.214964,0.222076,0.222076,49383600.0,17
2018-09-01,0.222309,0.233377,0.22197600000000006,0.229722,0.229722,57559200.0,21
2018-09-02,0.229713,0.236545,0.221468,0.224744,0.224744,44368300.0,18
2018-09-03,0.224672,0.232219,0.219134,0.225325,0.225325,47867700.0,19
2018-09-04,0.22180100000000005,0.237544,0.22012,0.231268,0.231268,52972600.0,26
2018-09-05,0.231953,0.233226,0.207437,0.207437,0.207437,69435700.0,17
2018-09-06,0.205908,0.207484,0.195504,0.207484,0.207484,71466100.0,14
2018-09-07,0.206841,0.211473,0.200723,0.207662,0.207662,60828100.0,17
2018-09-08,0.207994,0.211684,0.19317,0.194437,0.194437,52306100.0,18
2018-09-09,0.194291,0.202852,0.190194,0.192781,0.192781,54678800.0,13
2018-09-10,0.191119,0.195371,0.188329,0.190839,0.190839,51759700.0,15
2018-09-11,0.19148,0.206932,0.185084,0.201071,0.201071,77490400.0,18
2018-09-12,0.201214,0.207005,0.186384,0.198293,0.198293,81499500.0,14
2018-09-13,0.197915,0.211132,0.197915,0.207806,0.207806,68042900.0,20
2018-09-14,0.206978,0.209517,0.198855,0.201743,0.201743,49018400.0,23
2018-09-15,0.201211,0.205633,0.200511,0.203202,0.203202,37685700.0,24
2018-09-16,0.203086,0.208485,0.199028,0.20651,0.20651,41913100.0,28
2018-09-17,0.206108,0.208782,0.19563,0.196827,0.196827,42653700.0,25
2018-09-18,0.196495,0.214757,0.194385,0.208417,0.208417,55982400.0,21
2018-09-19,0.207512,0.211158,0.199817,0.206563,0.206563,48741100.0,24
2018-09-20,0.206568,0.241435,0.205852,0.231897,0.231897,89258100.0,24
2018-09-21,0.233042,0.275536,0.231694,0.249211,0.249211,182926000.0,31
2018-09-22,0.248064,0.249508,0.231003,0.239225,0.239225,76614200.0,35
2018-09-23,0.239433,0.300275,0.238815,0.281478,0.281478,317587000.0,38
2018-09-24,0.279833,0.282503,0.254954,0.259048,0.259048,135616000.0,43
2018-09-25,0.258395,0.258395,0.233449,0.252306,0.252306,118361000.0,37
2018-09-26,0.250619,0.257956,0.238515,0.244767,0.244767,89889500.0,37
2018-09-27,0.243985,0.264678,0.243985,0.259216,0.259216,99370800.0,42
2018-09-28,0.259997,0.262948,0.249273,0.254127,0.254127,63003000.0,42
2018-09-29,0.25245300000000004,0.259334,0.245518,0.253908,0.253908,54822100.0,37
2018-09-30,0.254448,0.262696,0.252677,0.259599,0.259599,64864600.0,34
2018-10-01,0.259081,0.263545,0.253404,0.258404,0.258404,67813900.0,35
2018-10-02,0.258257,0.259782,0.248286,0.248286,0.248286,50886900.0,33
2018-10-03,0.247934,0.249178,0.237829,0.241136,0.241136,47661800.0,36
2018-10-04,0.240654,0.248393,0.24002,0.244278,0.244278,36170200.0,29
2018-10-05,0.2435,0.24762,0.240469,0.245192,0.245192,38001100.0,37
2018-10-06,0.245137,0.247914,0.238837,0.239771,0.239771,34392600.0,34
2018-10-07,0.242372,0.246788,0.237606,0.245138,0.245138,33460000.0,29
2018-10-08,0.243991,0.254004,0.2412,0.249009,0.249009,41913600.0,26
2018-10-09,0.249569,0.250283,0.242846,0.243915,0.243915,40657100.0,31
2018-10-10,0.243664,0.245796,0.238212,0.241593,0.241593,40184400.0,28
2018-10-11,0.240941,0.240941,0.206578,0.207037,0.207037,75872400.0,19
2018-10-12,0.206477,0.218393,0.206083,0.21603200000000009,0.21603200000000009,48988300.0,13
2018-10-13,0.215589,0.219563,0.214387,0.21481,0.21481,46116600.0,15
2018-10-14,0.214765,0.219311,0.208793,0.210144,0.210144,36498700.0,18
2018-10-15,0.209662,0.2303530000000001,0.2079300000000001,0.2230010000000001,0.2230010000000001,71749600.0,20
2018-10-16,0.222475,0.229817,0.222002,0.227978,0.227978,42468100.0,24
2018-10-17,0.229563,0.243272,0.227609,0.2404030000000001,0.2404030000000001,74599800.0,23
2018-10-18,0.240969,0.2459780000000001,0.232275,0.239452,0.239452,59461700.0,26
2018-10-19,0.238869,0.246234,0.234606,0.242853,0.242853,45872300.0,24
2018-10-20,0.245219,0.249199,0.240961,0.244182,0.244182,60012800.0,21
2018-10-21,0.243722,0.2482530000000001,0.23973000000000005,0.241724,0.241724,46623600.0,21
2018-10-22,0.240374,0.244095,0.238244,0.242361,0.242361,40765500.0,27
2018-10-23,0.242491,0.246983,0.239368,0.242215,0.242215,39384600.0,24
2018-10-24,0.241749,0.244423,0.236891,0.23776,0.23776,39973400.0,23
2018-10-25,0.237535,0.239069,0.233741,0.235646,0.235646,39745700.0,25
2018-10-26,0.235332,0.236927,0.230687,0.234011,0.234011,35741700.0,29
2018-10-27,0.233858,0.235208,0.2282,0.22876,0.22876,38499600.0,33
2018-10-28,0.229188,0.23408,0.227392,0.232871,0.232871,39381600.0,35
2018-10-29,0.231678,0.232719,0.221143,0.22235700000000005,0.22235700000000005,45544800.0,34
2018-10-30,0.2222,0.2263280000000001,0.221782,0.225093,0.225093,43111300.0,31
2018-10-31,0.226218,0.227941,0.217748,0.223471,0.223471,42791700.0,32
2018-11-01,0.22436,0.24053,0.22251,0.222945,0.222945,38696300.0,29
2018-11-02,0.223014,0.236297,0.223014,0.234244,0.234244,50452100.0,36
2018-11-03,0.234098,0.239844,0.232162,0.235706,0.235706,50502800.0,36
2018-11-04,0.235788,0.244596,0.234853,0.241638,0.241638,57585400.0,41
2018-11-05,0.240807,0.2467550000000001,0.239831,0.246529,0.246529,54187000.0,42
2018-11-06,0.246849,0.267038,0.246849,0.265596,0.265596,101099000.0,42
2018-11-07,0.265875,0.265875,0.253465,0.256718,0.256718,78967900.0,48
2018-11-08,0.256527,0.263579,0.249665,0.256043,0.256043,88138000.0,51
2018-11-09,0.255711,0.264205,0.253859,0.255542,0.255542,71764800.0,47
2018-11-10,0.25558800000000004,0.26123,0.254943,0.26123,0.26123,53086500.0,52
2018-11-11,0.260383,0.274956,0.25877100000000003,0.27360500000000004,0.27360500000000004,109488000.0,54
2018-11-12,0.274039,0.284025,0.266906,0.267326,0.267326,98560700.0,52
2018-11-13,0.267548,0.269933,0.255827,0.257787,0.257787,71147400.0,56
2018-11-14,0.25695500000000004,0.25695500000000004,0.220117,0.233043,0.233043,100039000.0,49
2018-11-15,0.233055,0.244733,0.215886,0.241944,0.241944,97300800.0,28
2018-11-16,0.240067,0.247692,0.235995,0.23885,0.23885,116280000.0,23
2018-11-17,0.236753,0.246795,0.233868,0.244927,0.244927,95893400.0,24
2018-11-18,0.244894,0.253564,0.244894,0.249758,0.249758,101810000.0,26
2018-11-19,0.249614,0.249614,0.224335,0.224412,0.224412,130056000.0,28
2018-11-20,0.224573,0.230491,0.184698,0.193193,0.193193,154290000.0,21
2018-11-21,0.194015,0.208379,0.186163,0.203688,0.203688,108181000.0,15
2018-11-22,0.203459,0.20511,0.187797,0.187797,0.187797,81440600.0,14
2018-11-23,0.187441,0.189445,0.176112,0.181211,0.181211,101304000.0,12
2018-11-24,0.181912,0.184994,0.149063,0.154205,0.154205,98670200.0,15
2018-11-25,0.15542999999999998,0.159619,0.133734,0.159607,0.159607,137467000.0,9
2018-11-26,0.159195,0.16326300000000002,0.137487,0.144795,0.144795,105913000.0,17
2018-11-27,0.14435499999999998,0.14666400000000002,0.137987,0.144374,0.144374,81742500.0,11
2018-11-28,0.144111,0.167606,0.144111,0.162237,0.162237,101285000.0,14
2018-11-29,0.161831,0.17210699999999998,0.155423,0.16508,0.16508,88862064.0,18
2018-11-30,0.164957,0.172415,0.15403699999999998,0.15863,0.15863,95843387.0,19
2018-12-01,0.159088,0.17011800000000002,0.156453,0.16633199999999998,0.16633199999999998,83084025.0,13
2018-12-02,0.16551400000000002,0.16980599999999998,0.15969,0.160301,0.160301,75295614.0,15
2018-12-03,0.160679,0.161217,0.14833,0.149536,0.149536,76449399.0,17
2018-12-04,0.14928699999999998,0.154543,0.146425,0.147653,0.147653,71173373.0,12
2018-12-05,0.147821,0.147896,0.135936,0.135936,0.135936,68043240.0,19
2018-12-06,0.13559100000000002,0.139226,0.119594,0.119594,0.119594,152806952.0,13
2018-12-07,0.119471,0.119471,0.106931,0.115263,0.115263,174082644.0,11
2018-12-08,0.115391,0.125203,0.112567,0.118993,0.118993,157281952.0,11
2018-12-09,0.1186,0.12653699999999998,0.118206,0.124328,0.124328,184624488.0,14
2018-12-10,0.124218,0.125444,0.116322,0.118253,0.118253,92973561.0,19
2018-12-11,0.118017,0.119161,0.11238900000000004,0.112835,0.112835,198352456.0,15
2018-12-12,0.112664,0.116236,0.111282,0.11369,0.11369,90782295.0,14
2018-12-13,0.113754,0.113754,0.10456300000000003,0.1058,0.1058,51964279.0,14
2018-12-14,0.105656,0.105656,0.095881,0.09774,0.09774,75210407.0,10
2018-12-15,0.097867,0.099413,0.09314,0.095439,0.095439,80164249.0,11
2018-12-16,0.09547,0.099586,0.09527,0.096278,0.096278,64490415.0,13
2018-12-17,0.09649,0.112739,0.096297,0.109693,0.109693,103169894.0,17
2018-12-18,0.109671,0.11433,0.107612,0.11433,0.11433,96486763.0,23
2018-12-19,0.114731,0.12659700000000002,0.114245,0.114245,0.114245,113320280.0,21
2018-12-20,0.113865,0.127659,0.113524,0.12655,0.12655,125348361.0,27
2018-12-21,0.126179,0.13344,0.117379,0.119916,0.119916,140455598.0,35
2018-12-22,0.119997,0.12358800000000005,0.117331,0.12275,0.12275,131136807.0,28
2018-12-23,0.123208,0.128494,0.122604,0.126585,0.126585,128331036.0,31
2018-12-24,0.126668,0.141351,0.126668,0.13252,0.13252,169588599.0,25
2018-12-25,0.133123,0.13334200000000002,0.119143,0.121682,0.121682,111648903.0,33
2018-12-26,0.121735,0.12553,0.117893,0.120607,0.120607,105367076.0,26
2018-12-27,0.12048699999999996,0.120645,0.110157,0.110486,0.110486,84397745.0,29
2018-12-28,0.110513,0.12276,0.109658,0.121383,0.121383,122279839.0,21
2018-12-29,0.121677,0.122356,0.118036,0.118036,0.118036,99849382.0,24
2018-12-30,0.118284,0.119345,0.116329,0.11743,0.11743,87412670.0,23
2018-12-31,0.117709,0.117888,0.112506,0.112813,0.112813,101118303.0,26
2019-01-01,0.112932,0.118505,0.112223,0.11593,0.11593,91630088.0,24
2019-01-02,0.116054,0.119368,0.114197,0.119331,0.119331,106949561.0,30
2019-01-03,0.118946,0.118976,0.113571,0.113825,0.113825,90192344.0,33
2019-01-04,0.113778,0.117095,0.112709,0.115361,0.115361,80564462.0,48
2019-01-05,0.115128,0.116614,0.11353599999999996,0.114046,0.114046,88463994.0,36
2019-01-06,0.114073,0.121527,0.113293,0.120384,0.120384,93094440.0,31
2019-01-07,0.120303,0.124106,0.120021,0.12322,0.12322,95010988.0,39
2019-01-08,0.12326,0.129191,0.120541,0.123119,0.123119,104584394.0,39
2019-01-09,0.12321300000000004,0.124409,0.122214,0.123774,0.123774,94733730.0,42
2019-01-10,0.12383,0.128394,0.107248,0.109879,0.109879,128623288.0,37
2019-01-11,0.108776,0.111904,0.106211,0.107332,0.107332,102731220.0,19
2019-01-12,0.107269,0.107752,0.105778,0.106764,0.106764,103509557.0,22
2019-01-13,0.106758,0.111775,0.103231,0.103609,0.103609,119389904.0,21
2019-01-14,0.103649,0.110128,0.103649,0.109649,0.109649,110842789.0,16
2019-01-15,0.109422,0.109954,0.105427,0.105685,0.105685,89555967.0,27
2019-01-16,0.105837,0.10806,0.105679,0.106891,0.106891,92258083.0,24
2019-01-17,0.106708,0.108856,0.105667,0.108461,0.108461,110024544.0,28
2019-01-18,0.108312,0.108937,0.105802,0.106821,0.106821,84272978.0,29
2019-01-19,0.106863,0.110063,0.106707,0.108304,0.108304,111942030.0,31
2019-01-20,0.108195,0.108906,0.103944,0.104702,0.104702,123424390.0,35
2019-01-21,0.104683,0.104856,0.102676,0.10338,0.10338,111143574.0,30
2019-01-22,0.10365,0.104986,0.10169,0.104103,0.104103,129057418.0,27
2019-01-23,0.104134,0.104349,0.101584,0.102576,0.102576,97605045.0,33
2019-01-24,0.10237,0.102665,0.101222,0.10221,0.10221,109073513.0,37
2019-01-25,0.101969,0.101969,0.10019,0.101741,0.101741,102773915.0,35
2019-01-26,0.101689,0.104441,0.098994,0.100014,0.100014,142586255.0,41
2019-01-27,0.099888,0.100352,0.095465,0.096316,0.096316,134988476.0,39
2019-01-28,0.096387,0.096543,0.08606699999999999,0.087904,0.087904,135847055.0,35
2019-01-29,0.088323,0.088323,0.082705,0.083923,0.083923,155745244.0,21
2019-01-30,0.083717,0.087184,0.08263999999999999,0.085634,0.085634,174265317.0,22
2019-01-31,0.085655,0.087896,0.08228400000000001,0.082631,0.082631,148616345.0,17
2019-02-01,0.082803,0.084435,0.08052999999999999,0.08358,0.08358,143454405.0,23
2019-02-02,0.083289,0.08442000000000001,0.081976,0.08309,0.08309,142365606.0,22
2019-02-03,0.083083,0.083376,0.080472,0.081347,0.081347,106729578.0,19
2019-02-04,0.08129600000000001,0.082248,0.079664,0.07973,0.07973,83103229.0,27
2019-02-05,0.079581,0.07974400000000001,0.07699099999999999,0.077882,0.077882,93209184.0,21
2019-02-06,0.078064,0.07836,0.073615,0.074387,0.074387,153042575.0,14
2019-02-07,0.074494,0.07699199999999999,0.073654,0.074688,0.074688,121452716.0,18
2019-02-08,0.07471699999999999,0.082528,0.073899,0.081224,0.081224,137845934.0,37
2019-02-09,0.081242,0.081956,0.079928,0.080808,0.080808,128687271.0,42
2019-02-10,0.08089400000000001,0.08139,0.077846,0.08039299999999999,0.08039299999999999,133339149.0,40
2019-02-11,0.080657,0.080657,0.07751,0.07759500000000001,0.07759500000000001,193770299.0,46
2019-02-12,0.077572,0.078941,0.075941,0.07761599999999999,0.07761599999999999,181940100.0,38
2019-02-13,0.07766100000000001,0.07884,0.076123,0.07699,0.07699,151128267.0,48
2019-02-14,0.076976,0.077315,0.07537100000000001,0.07663500000000001,0.07663500000000001,230125007.0,48
2019-02-15,0.076665,0.080933,0.076297,0.079276,0.079276,188673144.0,43
2019-02-16,0.079207,0.079334,0.07793,0.078421,0.078421,158123867.0,43
2019-02-17,0.07841000000000001,0.07986499999999999,0.07773300000000001,0.079608,0.079608,123466543.0,38
2019-02-18,0.079603,0.08402899999999999,0.079498,0.083691,0.083691,131352903.0,63
2019-02-19,0.083816,0.092082,0.083409,0.089982,0.089982,183733552.0,65
2019-02-20,0.090029,0.091735,0.087043,0.091735,0.091735,154754814.0,59
2019-02-21,0.09179,0.093161,0.08824800000000001,0.089091,0.089091,142797864.0,59
2019-02-22,0.088947,0.091433,0.088199,0.090668,0.090668,89852657.0,61
2019-02-23,0.090721,0.095167,0.089778,0.094257,0.094257,120783643.0,63
2019-02-24,0.094386,0.096577,0.082807,0.084234,0.084234,167217216.0,69
2019-02-25,0.083897,0.089436,0.083897,0.087305,0.087305,129415111.0,47
2019-02-26,0.08717000000000001,0.087616,0.084843,0.0868,0.0868,123369778.0,40
2019-02-27,0.08692799999999999,0.08752,0.08469700000000001,0.08619500000000001,0.08619500000000001,116962261.0,39
2019-02-28,0.086014,0.086491,0.084702,0.085503,0.085503,112773498.0,39
2019-03-01,0.085505,0.087677,0.084665,0.085833,0.085833,115886661.0,42
2019-03-02,0.085858,0.086745,0.08357300000000001,0.08446000000000001,0.08446000000000001,103522009.0,41
2019-03-03,0.084303,0.08858300000000001,0.083437,0.08723500000000001,0.08723500000000001,121355279.0,44
2019-03-04,0.086924,0.087056,0.081728,0.083539,0.083539,133895180.0,36
2019-03-05,0.083504,0.086622,0.082984,0.086299,0.086299,162905354.0,35
2019-03-06,0.086338,0.08661,0.08450099999999999,0.085566,0.085566,139934665.0,42
2019-03-07,0.085534,0.08622300000000001,0.084875,0.08554099999999999,0.08554099999999999,121504120.0,56
2019-03-08,0.085608,0.08943200000000001,0.085384,0.087246,0.087246,142744836.0,54
2019-03-09,0.087038,0.090924,0.08683300000000001,0.089744,0.089744,138039148.0,55
2019-03-10,0.090055,0.101571,0.089516,0.100039,0.100039,206273829.0,55
2019-03-11,0.099865,0.107836,0.09918,0.102263,0.102263,233084341.0,56
2019-03-12,0.102322,0.106382,0.097573,0.104598,0.104598,155318737.0,56
2019-03-13,0.104512,0.109546,0.102105,0.108199,0.108199,158665263.0,54
2019-03-14,0.108103,0.111709,0.106917,0.107272,0.107272,167089004.0,55
2019-03-15,0.10721,0.108453,0.105109,0.107773,0.107773,128011254.0,55
2019-03-16,0.107836,0.110904,0.107662,0.109619,0.109619,146002756.0,54
2019-03-17,0.109584,0.109691,0.108163,0.109385,0.109385,149591732.0,58
2019-03-18,0.109486,0.118035,0.108358,0.115914,0.115914,234881352.0,56
2019-03-19,0.116198,0.11784,0.112673,0.113248,0.113248,263893228.0,56
2019-03-20,0.113586,0.11383,0.110799,0.111403,0.111403,285900109.0,55
2019-03-21,0.111505,0.111952,0.105234,0.107947,0.107947,314783767.0,62
2019-03-22,0.107948,0.110189,0.106683,0.108693,0.108693,242127250.0,56
2019-03-23,0.10852,0.109647,0.107014,0.108281,0.108281,214433790.0,50
2019-03-24,0.107944,0.10832,0.105448,0.106012,0.106012,207117072.0,44
2019-03-25,0.106107,0.10633,0.101531,0.102469,0.102469,213883511.0,46
2019-03-26,0.102485,0.104204,0.09893,0.103379,0.103379,243408090.0,43
2019-03-27,0.103381,0.108254,0.10327,0.108062,0.108062,306202676.0,44
2019-03-28,0.108017,0.10895,0.105994,0.10744,0.10744,215643532.0,49
2019-03-29,0.107416,0.108456,0.106206,0.107572,0.107572,289766754.0,50
2019-03-30,0.107578,0.112294,0.105685,0.107359,0.107359,328747048.0,57
2019-03-31,0.107423,0.10808800000000003,0.106024,0.107651,0.107651,268624667.0,56
2019-04-01,0.107642,0.110192,0.10741,0.109615,0.109615,301225293.0,62
2019-04-02,0.109628,0.122047,0.109068,0.121901,0.121901,574669736.0,60
2019-04-03,0.121859,0.132162,0.119511,0.12133900000000004,0.12133900000000004,342896672.0,71
2019-04-04,0.121314,0.125366,0.117057,0.118788,0.118788,335300168.0,61
2019-04-05,0.11879,0.127923,0.118714,0.126367,0.126367,443759813.0,59
2019-04-06,0.126378,0.130149,0.123209,0.124729,0.124729,309328452.0,65
2019-04-07,0.124707,0.13214800000000002,0.123427,0.130303,0.130303,349981246.0,69
2019-04-08,0.130495,0.134701,0.126599,0.131996,0.131996,356932080.0,65
2019-04-09,0.13201500000000002,0.13201500000000002,0.124804,0.125384,0.125384,317403406.0,64
2019-04-10,0.125362,0.128422,0.1241,0.125462,0.125462,315278613.0,62
2019-04-11,0.125485,0.125879,0.112837,0.116685,0.116685,367545646.0,65
2019-04-12,0.116747,0.116747,0.112349,0.114609,0.114609,298547662.0,42
2019-04-13,0.114586,0.11761,0.114202,0.115898,0.115898,274954171.0,62
2019-04-14,0.115918,0.124288,0.113809,0.11666300000000004,0.11666300000000004,233364143.0,51
2019-04-15,0.116647,0.119473,0.112898,0.113629,0.113629,244231543.0,60
2019-04-16,0.11364,0.117505,0.111893,0.117505,0.117505,228442393.0,50
2019-04-17,0.117512,0.117512,0.114773,0.116636,0.116636,299495677.0,61
2019-04-18,0.116655,0.119237,0.115588,0.117363,0.117363,281638808.0,64
2019-04-19,0.117277,0.117317,0.114736,0.115737,0.115737,274207136.0,61
2019-04-20,0.115827,0.11734,0.114016,0.115532,0.115532,231893390.0,62
2019-04-21,0.115479,0.115828,0.110109,0.112404,0.112404,244064678.0,62
2019-04-22,0.112438,0.114323,0.110666,0.113495,0.113495,247272040.0,61
2019-04-23,0.1135,0.114636,0.111096,0.111824,0.111824,249524440.0,68
2019-04-24,0.111793,0.111793,0.101242,0.103259,0.103259,296187705.0,65
2019-04-25,0.103284,0.105817,0.098894,0.099075,0.099075,257140761.0,58
2019-04-26,0.099127,0.101052,0.097212,0.09914,0.09914,253112252.0,41
2019-04-27,0.099223,0.101052,0.098576,0.099951,0.099951,201403658.0,42
2019-04-28,0.099992,0.100774,0.097778,0.098736,0.098736,184650540.0,40
2019-04-29,0.098736,0.100421,0.095002,0.096475,0.096475,193230516.0,42
2019-04-30,0.096438,0.10028,0.096314,0.099953,0.099953,195522092.0,42
2019-05-01,0.099879,0.102141,0.099684,0.101351,0.101351,193384688.0,51
2019-05-02,0.101441,0.102115,0.098696,0.100275,0.100275,206633883.0,50
2019-05-03,0.10024,0.104857,0.098566,0.102295,0.102295,251161108.0,63
2019-05-04,0.102265,0.103659,0.098608,0.099677,0.099677,239944327.0,66
2019-05-05,0.099763,0.101756,0.097336,0.098927,0.098927,205158493.0,67
2019-05-06,0.099044,0.099589,0.095551,0.097809,0.097809,216507559.0,57
2019-05-07,0.097614,0.099227,0.094926,0.094926,0.094926,212014101.0,69
2019-05-08,0.094908,0.095035,0.093477,0.093697,0.093697,205343058.0,63
2019-05-09,0.093691,0.095656,0.088298,0.090232,0.090232,220103357.0,69
2019-05-10,0.090271,0.093525,0.088851,0.092452,0.092452,241131699.0,71
2019-05-11,0.092424,0.105702,0.092336,0.104228,0.104228,377230951.0,76
2019-05-12,0.104128,0.106104,0.096868,0.098866,0.098866,347468949.0,75
2019-05-13,0.098953,0.103069,0.098735,0.100416,0.100416,388830187.0,78
2019-05-14,0.100436,0.115273,0.099608,0.112994,0.112994,803031426.0,78
2019-05-15,0.113096,0.13700199999999998,0.112924,0.13700199999999998,0.13700199999999998,570303022.0,77
2019-05-16,0.13717200000000002,0.15834700000000002,0.13263699999999998,0.137283,0.137283,837742777.0,75
2019-05-17,0.137213,0.138914,0.119322,0.12656199999999998,0.12656199999999998,539181496.0,65
2019-05-18,0.128224,0.135179,0.1272,0.128833,0.128833,433692513.0,67
2019-05-19,0.128746,0.14291199999999998,0.127618,0.141485,0.141485,526532031.0,70
2019-05-20,0.14146199999999998,0.141492,0.130769,0.135545,0.135545,502307578.0,73
2019-05-21,0.135576,0.136392,0.131848,0.134326,0.134326,411336483.0,68
2019-05-22,0.134267,0.135236,0.123011,0.124257,0.124257,414103053.0,69
2019-05-23,0.12424,0.126375,0.120036,0.125167,0.125167,440656426.0,65
2019-05-24,0.12519,0.129308,0.123378,0.125944,0.125944,453216069.0,64
2019-05-25,0.126001,0.128315,0.12509,0.12582100000000002,0.12582100000000002,344507034.0,69
2019-05-26,0.125796,0.13426400000000002,0.123934,0.133135,0.133135,400434268.0,67
2019-05-27,0.13326500000000002,0.141597,0.1323,0.13686900000000002,0.13686900000000002,508588037.0,70
2019-05-28,0.13684100000000002,0.139087,0.132234,0.13896,0.13896,516088336.0,71
2019-05-29,0.13903900000000002,0.13906500000000002,0.13219,0.136491,0.136491,495108156.0,71
2019-05-30,0.136525,0.143193,0.127751,0.13006700000000002,0.13006700000000002,634399476.0,73
2019-05-31,0.130088,0.133889,0.126332,0.133664,0.133664,429586829.0,61
2019-06-01,0.133645,0.134255,0.129943,0.133101,0.133101,463748030.0,62
2019-06-02,0.133126,0.13786900000000002,0.133044,0.137623,0.137623,428728158.0,63
2019-06-03,0.137524,0.13966099999999998,0.129652,0.129983,0.129983,451453721.0,66
2019-06-04,0.130054,0.130054,0.118954,0.122077,0.122077,472906605.0,42
2019-06-05,0.122101,0.125406,0.120484,0.121284,0.121284,364346501.0,27
2019-06-06,0.121236,0.124536,0.119547,0.124382,0.124382,426080833.0,34
2019-06-07,0.124347,0.129185,0.123776,0.12754200000000002,0.12754200000000002,437227118.0,27
2019-06-08,0.1275,0.128237,0.12423800000000006,0.126277,0.126277,395580903.0,62
2019-06-09,0.126158,0.126485,0.118324,0.119915,0.119915,369553778.0,62
2019-06-10,0.119811,0.12465,0.118348,0.12394,0.12394,351384678.0,46
2019-06-11,0.123984,0.12429,0.119732,0.122827,0.122827,379804245.0,61
2019-06-12,0.122894,0.126918,0.121754,0.126446,0.126446,438940968.0,60
2019-06-13,0.126373,0.12704,0.12456,0.124728,0.124728,458304561.0,63
2019-06-14,0.124764,0.125421,0.121878,0.12532,0.12532,352099385.0,67
2019-06-15,0.12526199999999998,0.12765,0.124618,0.126742,0.126742,322647447.0,75
2019-06-16,0.126685,0.13189,0.126158,0.129816,0.129816,330880314.0,80
2019-06-17,0.129748,0.131491,0.12855899999999998,0.13103499999999998,0.13103499999999998,248165709.0,84
2019-06-18,0.13105799999999998,0.13159,0.123692,0.124565,0.124565,277401410.0,83
2019-06-19,0.124526,0.126386,0.123339,0.124302,0.124302,230628666.0,82
2019-06-20,0.124355,0.124605,0.120807,0.121507,0.121507,274018148.0,81
2019-06-21,0.121483,0.125673,0.121365,0.124048,0.124048,265396330.0,84
2019-06-22,0.124196,0.13481300000000002,0.12412,0.12905,0.12905,500748608.0,83
2019-06-23,0.12909600000000002,0.132163,0.12726600000000002,0.127378,0.127378,393971399.0,84
2019-06-24,0.127472,0.128994,0.125086,0.127749,0.127749,387038340.0,80
2019-06-25,0.127773,0.12906199999999998,0.122589,0.124491,0.124491,504489450.0,87
2019-06-26,0.12448,0.131851,0.121827,0.122628,0.122628,691216184.0,95
2019-06-27,0.12269,0.123824,0.103392,0.107494,0.107494,614497106.0,92
2019-06-28,0.107508,0.112278,0.106954,0.11202,0.11202,490424131.0,62
2019-06-29,0.11203699999999996,0.116721,0.106381,0.114504,0.114504,452566257.0,74
2019-06-30,0.115131,0.115131,0.104345,0.104345,0.104345,402976986.0,78
2019-07-01,0.104387,0.108755,0.101223,0.105284,0.105284,435487154.0,65
2019-07-02,0.105211,0.105916,0.09955,0.10339,0.10339,475476536.0,63
2019-07-03,0.103366,0.106823,0.103109,0.106724,0.106724,427409681.0,79
2019-07-04,0.10674000000000004,0.106911,0.099626,0.099725,0.099725,377443850.0,76
2019-07-05,0.09969,0.101999,0.099219,0.099891,0.099891,347775554.0,67
2019-07-06,0.099892,0.104214,0.099892,0.102875,0.102875,255386488.0,72
2019-07-07,0.102927,0.105794,0.102183,0.105054,0.105054,235672563.0,67
2019-07-08,0.104994,0.10623,0.103909,0.105023,0.105023,265492741.0,74
2019-07-09,0.105082,0.10596400000000004,0.101105,0.101834,0.101834,382565280.0,84
2019-07-10,0.101836,0.102489,0.093288,0.095057,0.095057,423744161.0,83
2019-07-11,0.095069,0.095118,0.086259,0.087008,0.087008,439572687.0,62
2019-07-12,0.087024,0.100108,0.08671,0.097963,0.097963,495900791.0,33
2019-07-13,0.097959,0.099423,0.091895,0.095468,0.095468,284411670.0,65
2019-07-14,0.095696,0.096291,0.086013,0.086249,0.086249,257679688.0,61
2019-07-15,0.086237,0.088094,0.082383,0.08649,0.08649,264746575.0,16
2019-07-16,0.08644600000000001,0.088594,0.077816,0.078318,0.078318,371646281.0,34
2019-07-17,0.078205,0.08368400000000001,0.07582,0.080627,0.080627,405806844.0,19
2019-07-18,0.08065599999999999,0.090424,0.079823,0.088882,0.088882,370257694.0,40
2019-07-19,0.08884299999999999,0.094898,0.087412,0.093768,0.093768,251437101.0,42
2019-07-20,0.093802,0.096845,0.091963,0.095111,0.095111,202683212.0,34
2019-07-21,0.095013,0.095075,0.089178,0.091202,0.091202,171556898.0,42
2019-07-22,0.091208,0.091741,0.086987,0.088876,0.088876,147558601.0,42
2019-07-23,0.088811,0.088869,0.083314,0.084468,0.084468,139738992.0,40
2019-07-24,0.08446000000000001,0.08630800000000001,0.081665,0.086002,0.086002,149224673.0,20
2019-07-25,0.086075,0.08772100000000001,0.08533099999999999,0.08569,0.08569,127081012.0,42
2019-07-26,0.08568200000000001,0.089249,0.083875,0.087965,0.087965,114644440.0,24
2019-07-27,0.08794199999999999,0.089108,0.083228,0.084323,0.084323,115718523.0,47
2019-07-28,0.084344,0.084784,0.081575,0.083678,0.083678,70283125.0,16
2019-07-29,0.08358600000000001,0.085373,0.082916,0.083513,0.083513,80197266.0,19
2019-07-30,0.08351,0.084385,0.082064,0.083562,0.083562,94791854.0,22
2019-07-31,0.083537,0.085062,0.083249,0.083932,0.083932,93426573.0,31
2019-08-01,0.083983,0.08420599999999999,0.081923,0.083026,0.083026,89880668.0,57
2019-08-02,0.083057,0.083503,0.08189600000000001,0.08198899999999999,0.08198899999999999,84985502.0,61
2019-08-03,0.081977,0.08332200000000001,0.081756,0.08239500000000001,0.08239500000000001,75229978.0,61
2019-08-04,0.082406,0.082736,0.080889,0.08213,0.08213,74352871.0,62
2019-08-05,0.082103,0.08432100000000001,0.081518,0.08261900000000001,0.08261900000000001,102754847.0,64
2019-08-06,0.082682,0.082682,0.077291,0.078212,0.078212,97389157.0,66
2019-08-07,0.07821900000000001,0.078988,0.077178,0.078641,0.078641,78756128.0,45
2019-08-08,0.078635,0.078699,0.07631399999999999,0.07685700000000001,0.07685700000000001,88983461.0,61
2019-08-09,0.07684500000000001,0.076883,0.072033,0.072203,0.072203,84929047.0,60
2019-08-10,0.072232,0.074186,0.071869,0.07375,0.07375,86727143.0,59
2019-08-11,0.07374800000000001,0.079733,0.073659,0.077841,0.077841,78355614.0,45
2019-08-12,0.07784500000000001,0.07798200000000001,0.075292,0.075415,0.075415,59481832.0,48
2019-08-13,0.075394,0.075489,0.072973,0.074162,0.074162,66931104.0,45
2019-08-14,0.074178,0.074251,0.068219,0.06918300000000001,0.06918300000000001,120226159.0,11
2019-08-15,0.069198,0.070785,0.066479,0.070261,0.070261,90818716.0,13
2019-08-16,0.070278,0.070314,0.067504,0.06892100000000001,0.06892100000000001,78485093.0,31
2019-08-17,0.068937,0.069281,0.067076,0.067888,0.067888,55150617.0,20
2019-08-18,0.067926,0.071504,0.06765399999999999,0.070785,0.070785,66660569.0,14
2019-08-19,0.070789,0.071923,0.070385,0.071795,0.071795,58818263.0,30
2019-08-20,0.07182899999999999,0.07198099999999999,0.069084,0.0702,0.0702,89078888.0,39
2019-08-21,0.070309,0.070325,0.066984,0.06769700000000001,0.06769700000000001,110167826.0,11
2019-08-22,0.067656,0.069496,0.063983,0.066138,0.066138,110588268.0,5
2019-08-23,0.066151,0.069458,0.06557400000000001,0.068925,0.068925,111043772.0,33
2019-08-24,0.068963,0.069601,0.066585,0.067262,0.067262,116818090.0,39
2019-08-25,0.067254,0.072536,0.066633,0.071676,0.071676,116852501.0,33
2019-08-26,0.071547,0.073149,0.06690800000000001,0.070189,0.070189,118501191.0,41
2019-08-27,0.070211,0.07191900000000001,0.067785,0.068786,0.068786,104867452.0,30
2019-08-28,0.06876900000000001,0.071973,0.06527899999999999,0.066325,0.066325,114989102.0,32
2019-08-29,0.06640599999999999,0.06656000000000001,0.060817,0.062954,0.062954,99453293.0,20
2019-08-30,0.063054,0.063859,0.06169400000000001,0.062299,0.062299,83811218.0,24
2019-08-31,0.062304,0.063777,0.062041999999999986,0.062931,0.062931,94063205.0,20
2019-09-01,0.062934,0.064002,0.06170800000000001,0.062469,0.062469,72357367.0,24
2019-09-02,0.06247000000000001,0.06350599999999999,0.061749,0.063233,0.063233,77297229.0,28
2019-09-03,0.063252,0.063951,0.06262000000000001,0.063209,0.063209,116050340.0,41
2019-09-04,0.063223,0.063266,0.06185,0.062178,0.062178,110306691.0,43
2019-09-05,0.062189,0.06233,0.06033,0.060461,0.060461,115399204.0,41
2019-09-06,0.060466,0.061016,0.058305,0.058645,0.058645,131869517.0,43
2019-09-07,0.058595,0.061563,0.058538,0.059404,0.059404,163818895.0,39
2019-09-08,0.059588,0.062388,0.057228,0.06088200000000001,0.06088200000000001,162947637.0,43
2019-09-09,0.060891,0.061727,0.058303,0.059846,0.059846,174615382.0,41
2019-09-10,0.059822,0.061127,0.057533,0.058373,0.058373,138086880.0,41
2019-09-11,0.058387,0.060274,0.05683,0.059784,0.059784,148593461.0,38
2019-09-12,0.059852,0.060087,0.055136,0.058469000000000014,0.058469000000000014,100813826.0,39
2019-09-13,0.055580999999999985,0.058591,0.055552,0.05694,0.05694,147493877.0,38
2019-09-14,0.05687100000000001,0.058717,0.056696,0.05774,0.05774,154528513.0,39
2019-09-15,0.057758,0.058797,0.056675,0.058123,0.058123,92378655.0,38
2019-09-16,0.058171,0.059172,0.058064,0.05862100000000001,0.05862100000000001,134036403.0,38
2019-09-17,0.05864,0.065109,0.058464,0.06374500000000001,0.06374500000000001,206732127.0,41
2019-09-18,0.06365,0.086517,0.061805,0.083118,0.083118,483022972.0,38
2019-09-19,0.08313200000000001,0.087906,0.073764,0.081387,0.081387,576321168.0,31
2019-09-20,0.081424,0.081468,0.070925,0.073912,0.073912,354516894.0,41
2019-09-21,0.073897,0.074955,0.070671,0.071119,0.071119,253088729.0,37
2019-09-22,0.07120399999999999,0.071893,0.065873,0.06892000000000001,0.06892000000000001,205953711.0,37
2019-09-23,0.068968,0.07016499999999999,0.062548,0.062548,0.062548,250065644.0,41
2019-09-24,0.06271,0.06643500000000001,0.054295,0.054504,0.054504,291704554.0,39
2019-09-25,0.054328,0.059122,0.053447,0.057019000000000014,0.057019000000000014,256568953.0,15
2019-09-26,0.057016,0.061871,0.055222,0.058507,0.058507,301698501.0,12
2019-09-27,0.058516,0.060122,0.056989,0.0599,0.0599,233545826.0,24
2019-09-28,0.059797,0.061278999999999986,0.057696,0.05866,0.05866,205415431.0,32
2019-09-29,0.058671,0.060263,0.057187,0.058127,0.058127,162849827.0,33
2019-09-30,0.058109,0.06168,0.057361,0.06144,0.06144,214887043.0,27
2019-10-01,0.06154,0.06206,0.058549,0.059103,0.059103,163726395.0,38
2019-10-02,0.059081,0.0598,0.058106,0.059792,0.059792,143895582.0,39
2019-10-03,0.05977,0.059838,0.058326,0.058875,0.058875,125596787.0,37
2019-10-04,0.058829,0.059937,0.058377,0.059095,0.059095,111323954.0,30
2019-10-05,0.059055,0.059337,0.058484,0.059049,0.059049,101952263.0,31
2019-10-06,0.059048,0.059564,0.058429,0.059092,0.059092,166037941.0,32
2019-10-07,0.059079,0.06223400000000001,0.05873,0.061397,0.061397,257114961.0,27
2019-10-08,0.061383000000000014,0.06259400000000001,0.061137,0.061886,0.061886,214910502.0,39
2019-10-09,0.061880999999999985,0.06403099999999999,0.061336,0.063355,0.063355,277951501.0,37
2019-10-10,0.063331,0.063403,0.061541,0.061946,0.061946,193649301.0,41
2019-10-11,0.062021000000000014,0.06277,0.059095,0.060821000000000014,0.060821000000000014,188990156.0,39
2019-10-12,0.060788,0.062005,0.059033,0.059629,0.059629,160068975.0,38
2019-10-13,0.059591,0.061948,0.059131,0.060136,0.060136,168514765.0,38
2019-10-14,0.060187,0.064944,0.060185,0.064925,0.064925,212625324.0,37
2019-10-15,0.064919,0.065527,0.063154,0.064264,0.064264,231975480.0,39
2019-10-16,0.064319,0.064837,0.061611,0.062401,0.062401,234805479.0,40
2019-10-17,0.062429999999999986,0.064572,0.061928,0.06454700000000001,0.06454700000000001,258080003.0,40
2019-10-18,0.064537,0.064606,0.062393,0.063717,0.063717,258071462.0,40
2019-10-19,0.06375800000000001,0.063817,0.062863,0.06309,0.06309,212225225.0,41
2019-10-20,0.06310199999999999,0.063676,0.062539,0.063247,0.063247,228457502.0,37
2019-10-21,0.06326,0.06415900000000001,0.063026,0.063975,0.063975,189287650.0,37
2019-10-22,0.064045,0.064512,0.06274500000000001,0.062811,0.062811,191351126.0,39
2019-10-23,0.062935,0.063606,0.058735,0.059984,0.059984,257731071.0,33
2019-10-24,0.060058000000000014,0.061739,0.059206,0.060612,0.060612,235695883.0,20
2019-10-25,0.060642,0.064598,0.060078,0.063761,0.063761,302338874.0,24
2019-10-26,0.06373999999999999,0.066609,0.062198,0.062557,0.062557,347428869.0,53
2019-10-27,0.062585,0.06458799999999999,0.061923,0.064513,0.064513,287822040.0,50
2019-10-28,0.064549,0.067163,0.064312,0.064778,0.064778,325857618.0,52
2019-10-29,0.06476799999999999,0.068255,0.064701,0.06618500000000001,0.06618500000000001,279077969.0,54
2019-10-30,0.066276,0.066611,0.063378,0.064568,0.064568,271281036.0,53
2019-10-31,0.064612,0.065444,0.062958,0.065215,0.065215,279328071.0,50
2019-11-01,0.065189,0.071221,0.06479800000000001,0.069231,0.069231,412594573.0,49
2019-11-02,0.069217,0.071289,0.069216,0.071264,0.071264,287438284.0,51
2019-11-03,0.071283,0.071871,0.06808099999999999,0.069091,0.069091,310422869.0,56
2019-11-04,0.069165,0.07639,0.067937,0.07639,0.07639,347400349.0,49
2019-11-05,0.076817,0.085214,0.076808,0.082164,0.082164,762923850.0,54
2019-11-06,0.082237,0.08319,0.077835,0.078435,0.078435,352059614.0,53
2019-11-07,0.078343,0.07849400000000001,0.07420399999999999,0.075014,0.075014,332631177.0,54
2019-11-08,0.07500599999999999,0.076303,0.07055,0.071888,0.071888,271749982.0,42
2019-11-09,0.071845,0.073439,0.07162,0.072812,0.072812,187035481.0,38
2019-11-10,0.072877,0.07976799999999999,0.072733,0.07822799999999999,0.07822799999999999,343258930.0,39
2019-11-11,0.078234,0.08063300000000001,0.076396,0.079809,0.079809,290695867.0,40
2019-11-12,0.079813,0.082018,0.075886,0.077072,0.077072,359731187.0,39
2019-11-13,0.077092,0.077628,0.07618,0.076576,0.076576,240329082.0,38
2019-11-14,0.07650599999999999,0.076611,0.074027,0.07474,0.07474,217039030.0,41
2019-11-15,0.074816,0.074972,0.071935,0.072335,0.072335,222062024.0,38
2019-11-16,0.07234700000000001,0.072805,0.071748,0.071906,0.071906,173395847.0,41
2019-11-17,0.071848,0.07309500000000001,0.071784,0.072137,0.072137,197097974.0,38
2019-11-18,0.072133,0.072261,0.066962,0.06830399999999999,0.06830399999999999,245433022.0,38
2019-11-19,0.06829099999999999,0.06867899999999999,0.06481,0.065751,0.065751,287651893.0,32
2019-11-20,0.065691,0.06632,0.06454,0.065502,0.065502,219882275.0,32
2019-11-21,0.065522,0.065701,0.061047,0.061683,0.061683,251644441.0,30
2019-11-22,0.061737,0.061867999999999986,0.056237,0.059502,0.059502,304545334.0,20
2019-11-23,0.059404999999999986,0.061716,0.057753,0.060364,0.060364,262945614.0,23
2019-11-24,0.060602,0.06178300000000001,0.056881,0.056881,0.056881,795594528.0,21
2019-11-25,0.056791,0.059389,0.05375,0.057595000000000014,0.057595000000000014,548798088.0,17
2019-11-26,0.057542,0.059103,0.056520000000000015,0.058553,0.058553,218983844.0,21
2019-11-27,0.058393,0.059952,0.056166,0.05905700000000001,0.05905700000000001,260781107.0,20
2019-11-28,0.059208,0.060486,0.058179,0.058225,0.058225,224143848.0,32
2019-11-29,0.058212,0.060932000000000014,0.058165,0.059152,0.059152,241666196.0,31
2019-11-30,0.059306,0.060415,0.057283000000000014,0.059641,0.059641,228259886.0,38
2019-12-01,0.059751,0.059877,0.05654,0.058082,0.058082,214999370.0,25
2019-12-02,0.058098,0.058214,0.055986,0.056078,0.056078,204095722.0,28
2019-12-03,0.056042,0.056821,0.055417,0.05598,0.05598,150835452.0,28
2019-12-04,0.055917,0.056422,0.054416,0.055419,0.055419,207789246.0,24
2019-12-05,0.055347,0.057624,0.05444,0.055518,0.055518,190568914.0,21
2019-12-06,0.055612,0.055823000000000005,0.05454,0.055028,0.055028,177492285.0,29
2019-12-07,0.055045,0.056187,0.054795,0.055067999999999985,0.055067999999999985,161472546.0,32
2019-12-08,0.055041,0.056544,0.054598,0.05613200000000002,0.05613200000000002,159244878.0,28
2019-12-09,0.056092,0.056386,0.054213,0.05445,0.05445,184029266.0,32
2019-12-10,0.054476,0.054952,0.053064,0.053607,0.053607,187877398.0,26
2019-12-11,0.053621,0.05475700000000002,0.052692,0.052692,0.052692,200779620.0,20
2019-12-12,0.05271,0.053804,0.052177,0.052721,0.052721,207030753.0,23
2019-12-13,0.052724,0.05372,0.052176,0.05299,0.05299,166277796.0,22
2019-12-14,0.053072,0.053336,0.051145,0.051673,0.051673,178719118.0,27
2019-12-15,0.051709000000000005,0.052399,0.04965,0.051398,0.051398,184576351.0,21
2019-12-16,0.051402,0.052006,0.048421,0.048549,0.048549,188173197.0,24
2019-12-17,0.048558,0.048895,0.042986,0.044053,0.044053,223440074.0,23
2019-12-18,0.044246,0.046733,0.043048,0.046013,0.046013,253895323.0,15
2019-12-19,0.046033,0.046427,0.044022000000000006,0.044964,0.044964,210750075.0,21
2019-12-20,0.044985,0.047144,0.044239,0.046269,0.046269,196248519.0,23
2019-12-21,0.046204,0.048313,0.044703,0.046277,0.046277,178466491.0,23
2019-12-22,0.046322,0.04752,0.044277,0.047296,0.047296,192185818.0,20
2019-12-23,0.04734,0.04767,0.044641,0.044849,0.044849,188544968.0,33
2019-12-24,0.044807,0.046288,0.0444,0.045083,0.045083,190571245.0,25
2019-12-25,0.045029,0.045591,0.043191,0.043441,0.043441,160886227.0,22
2019-12-26,0.043572,0.04571,0.043512,0.045101,0.045101,159865552.0,39
2019-12-27,0.045092,0.046747,0.044685,0.046086,0.046086,186418572.0,38
2019-12-28,0.046015,0.046536,0.044167000000000005,0.045151,0.045151,158028356.0,37
2019-12-29,0.045138,0.047112,0.044077,0.046216,0.046216,148653161.0,37
2019-12-30,0.046203,0.046902,0.044252,0.045954,0.045954,167585185.0,40
2019-12-31,0.046053,0.046115,0.043332,0.045224,0.045224,157108041.0,38
2020-01-01,0.045118,0.045768,0.043438,0.045451,0.045451,168402204.0,37
2020-01-02,0.045398,0.045604,0.043582,0.044112,0.044112,151848963.0,39
2020-01-03,0.044001,0.045907,0.043544,0.045234,0.045234,168931018.0,38
2020-01-04,0.045227,0.046276,0.044332,0.046272,0.046272,152253766.0,38
2020-01-05,0.046165,0.046692,0.044772,0.045359,0.045359,165956087.0,39
2020-01-06,0.045432,0.049292,0.045244,0.049124,0.049124,248276598.0,41
2020-01-07,0.049025,0.050261,0.047908,0.049838,0.049838,239407286.0,40
2020-01-08,0.049916,0.050093,0.046706,0.048717,0.048717,213522156.0,51
2020-01-09,0.047616000000000006,0.049246,0.045678,0.046458,0.046458,171728899.0,44
2020-01-10,0.046268,0.048292,0.045766,0.046402,0.046402,211752195.0,41
2020-01-11,0.046378,0.049198,0.046117,0.047547000000000006,0.047547000000000006,216830961.0,50
2020-01-12,0.04758,0.048951,0.046762,0.048319,0.048319,207151685.0,45
2020-01-13,0.048229,0.048458,0.046383,0.048122000000000005,0.048122000000000005,224390629.0,49
2020-01-14,0.048085,0.053479999999999986,0.048066000000000005,0.052115,0.052115,325107091.0,56
2020-01-15,0.05204,0.055470000000000005,0.051042,0.054789,0.054789,334258693.0,54
2020-01-16,0.054817,0.054992999999999986,0.051784,0.053748,0.053748,316566307.0,55
2020-01-17,0.053828,0.062763,0.052715,0.060052,0.060052,519487809.0,54
2020-01-18,0.05997,0.064649,0.05704500000000001,0.061155,0.061155,619953488.0,51
2020-01-19,0.061144,0.06561900000000001,0.058865,0.060044000000000014,0.060044000000000014,557236013.0,53
2020-01-20,0.059991,0.06464,0.059431,0.062044000000000016,0.062044000000000016,570944249.0,48
2020-01-21,0.062025,0.063943,0.061601,0.06242,0.06242,404072680.0,49
2020-01-22,0.06239500000000001,0.063779,0.059796,0.059889,0.059889,334827929.0,52
2020-01-23,0.059995000000000014,0.061171,0.056832000000000014,0.059238,0.059238,383108495.0,49
2020-01-24,0.059401,0.059455,0.054127,0.057303,0.057303,382153105.0,40
2020-01-25,0.057257,0.057878999999999986,0.055841,0.056039,0.056039,319119540.0,41
2020-01-26,0.056111,0.059546,0.055741999999999986,0.05857200000000001,0.05857200000000001,325709373.0,42
2020-01-27,0.05866,0.061461,0.057598,0.059645,0.059645,354309858.0,50
2020-01-28,0.059605999999999985,0.061764,0.059159,0.060303,0.060303,435796280.0,54
2020-01-29,0.060327,0.062595,0.059045000000000014,0.061739,0.061739,408058902.0,57
2020-01-30,0.061682000000000015,0.06299,0.060058000000000014,0.061207,0.061207,382600193.0,57
2020-01-31,0.061269,0.06364600000000001,0.059865,0.061554,0.061554,365221348.0,55
2020-02-01,0.061546,0.062644,0.05936,0.06047,0.06047,351749271.0,57
2020-02-02,0.060542,0.065759,0.060093,0.06336699999999999,0.06336699999999999,459980666.0,57
2020-02-03,0.063385,0.065443,0.063098,0.064061,0.064061,386201629.0,59
2020-02-04,0.06405,0.066703,0.062135,0.066291,0.066291,435813336.0,56
2020-02-05,0.066319,0.069117,0.06588,0.068733,0.068733,520288061.0,53
2020-02-06,0.068763,0.07116900000000001,0.067605,0.07053999999999999,0.07053999999999999,516539220.0,61
2020-02-07,0.070526,0.072852,0.070224,0.071625,0.071625,519263943.0,56
2020-02-08,0.071613,0.072281,0.068437,0.070853,0.070853,479921994.0,56
2020-02-09,0.07081699999999999,0.074395,0.07007000000000001,0.072821,0.072821,477162368.0,56
2020-02-10,0.072989,0.073581,0.069325,0.070855,0.070855,514592414.0,57
2020-02-11,0.07089,0.074242,0.069337,0.073741,0.073741,518483533.0,52
2020-02-12,0.073732,0.081834,0.073732,0.08004,0.08004,733460111.0,61
2020-02-13,0.08004,0.086677,0.07914500000000001,0.08265499999999999,0.08265499999999999,849232918.0,65
2020-02-14,0.082617,0.08655700000000001,0.080313,0.085796,0.085796,640075025.0,63
2020-02-15,0.085813,0.08727,0.077926,0.079246,0.079246,577812168.0,64
2020-02-16,0.079401,0.08131100000000001,0.069217,0.07507899999999999,0.07507899999999999,632562189.0,59
2020-02-17,0.074904,0.075029,0.067949,0.071851,0.071851,619668937.0,49
2020-02-18,0.071921,0.077512,0.070713,0.074642,0.074642,521725957.0,53
2020-02-19,0.07547000000000001,0.07861,0.070007,0.07072,0.07072,438696625.0,50
2020-02-20,0.070676,0.07193300000000001,0.069082,0.07116900000000001,0.07116900000000001,496888762.0,44
2020-02-21,0.071128,0.07335900000000001,0.070784,0.071953,0.071953,467029257.0,44
2020-02-22,0.071964,0.072424,0.068987,0.06939,0.06939,398582854.0,43
2020-02-23,0.069469,0.073736,0.06905800000000001,0.073645,0.073645,432366514.0,46
2020-02-24,0.073507,0.073572,0.068739,0.06938,0.06938,465871328.0,46
2020-02-25,0.069409,0.070053,0.064964,0.065325,0.065325,461517993.0,44
2020-02-26,0.06534,0.065463,0.05743300000000001,0.059303,0.059303,505300519.0,41
2020-02-27,0.059303,0.062442999999999985,0.056771,0.060011,0.060011,452957399.0,39
2020-02-28,0.060023,0.061354999999999986,0.057019000000000014,0.058305,0.058305,419431446.0,40
2020-02-29,0.058279,0.059814,0.057391,0.057455999999999986,0.057455999999999986,318679471.0,38
2020-03-01,0.057363,0.058516999999999986,0.055482,0.056252,0.056252,360604910.0,39
2020-03-02,0.056222,0.059779999999999986,0.055923,0.059206,0.059206,397777572.0,38
2020-03-03,0.05922300000000001,0.060138,0.05787100000000001,0.058352,0.058352,407088469.0,38
2020-03-04,0.058358000000000014,0.059137,0.057902,0.058592999999999985,0.058592999999999985,381787289.0,40
2020-03-05,0.058576,0.060893,0.058576,0.05975800000000001,0.05975800000000001,421868545.0,41
2020-03-06,0.059765,0.061180999999999985,0.059456,0.061180999999999985,0.061180999999999985,428300799.0,39
2020-03-07,0.061165,0.061383000000000014,0.058401,0.058409,0.058409,411529339.0,38
2020-03-08,0.05843200000000001,0.05843200000000001,0.050744,0.050744,0.050744,488233342.0,33
2020-03-09,0.050651,0.052033,0.047901,0.05192000000000002,0.05192000000000002,549172784.0,17
2020-03-10,0.052198,0.053087,0.050898,0.051989,0.051989,416858440.0,16
2020-03-11,0.052006,0.052486,0.048203,0.050387,0.050387,408137347.0,17
2020-03-12,0.050379,0.050475,0.033441000000000005,0.033441000000000005,0.033441000000000005,526211822.0,14
2020-03-13,0.033476,0.041109,0.028492,0.039531,0.039531,747877049.0,10
2020-03-14,0.039555,0.040455,0.036958,0.037297,0.037297,375613371.0,8
2020-03-15,0.037246,0.0404,0.037012,0.038282,0.038282,362487211.0,12
2020-03-16,0.03832,0.038324,0.032718000000000004,0.035161000000000005,0.035161000000000005,422559303.0,9
2020-03-17,0.035217,0.037501,0.035217,0.03682,0.03682,330129256.0,8
2020-03-18,0.036742,0.037372,0.034913,0.035979000000000004,0.035979000000000004,337020832.0,11
2020-03-19,0.03594,0.042341,0.035927,0.041494,0.041494,457344869.0,12
2020-03-20,0.041474,0.044108,0.037032,0.039919,0.039919,403266374.0,9
2020-03-21,0.039958,0.040569,0.038521,0.039616000000000005,0.039616000000000005,356478474.0,9
2020-03-22,0.039623,0.040484,0.037061,0.037198,0.037198,329105985.0,11
2020-03-23,0.037191,0.039304,0.036365,0.03926,0.03926,359628965.0,10
2020-03-24,0.03924,0.040481,0.039006,0.040305,0.040305,366272224.0,12
2020-03-25,0.040312,0.040794,0.039378,0.040579,0.040579,312768244.0,13
2020-03-26,0.040581,0.042638,0.040267,0.042538,0.042538,305069105.0,14
2020-03-27,0.042563,0.042864,0.041172,0.041172,0.041172,308504165.0,12
2020-03-28,0.041144,0.041144,0.038976,0.039956,0.039956,340909985.0,8
2020-03-29,0.039954,0.040046,0.038085,0.038129,0.038129,266559124.0,12
2020-03-30,0.038101,0.040755,0.037972000000000006,0.040209,0.040209,315377995.0,10
2020-03-31,0.040196,0.040877,0.040144,0.040846,0.040846,327644886.0,12
2020-04-01,0.040855,0.040855,0.03928,0.040816000000000005,0.040816000000000005,302527865.0,12
2020-04-02,0.040777,0.042867,0.040527,0.041303,0.041303,409126334.0,14
2020-04-03,0.041327,0.04254,0.040882,0.041571,0.041571,381441115.0,14
2020-04-04,0.041417,0.041958,0.040993,0.041943,0.041943,331158440.0,12
2020-04-05,0.041944,0.043499,0.04159,0.043488,0.043488,330675377.0,12
2020-04-06,0.043499,0.049642,0.04348,0.049474,0.049474,528856126.0,12
2020-04-07,0.049505,0.051273,0.04768,0.048317,0.048317,535973254.0,20
2020-04-08,0.048331,0.051091,0.048069,0.050983,0.050983,355554036.0,21
2020-04-09,0.051028,0.052141,0.049126,0.052039,0.052039,420784745.0,22
2020-04-10,0.05200900000000002,0.05224,0.046073,0.047788,0.047788,461485326.0,15
2020-04-11,0.047852,0.049815,0.047695,0.049551,0.049551,426515998.0,15
2020-04-12,0.049544,0.051032,0.048674,0.049441000000000006,0.049441000000000006,411810328.0,10
2020-04-13,0.049529,0.049529,0.046584,0.048339,0.048339,530770069.0,11
2020-04-14,0.048332,0.049169,0.047784,0.048215,0.048215,507234997.0,15
2020-04-15,0.048007,0.048774,0.046332,0.046409,0.046409,468836578.0,18
2020-04-16,0.046366,0.049455,0.0454,0.049125,0.049125,628082822.0,13
2020-04-17,0.049041,0.050785,0.048975,0.050501,0.050501,534672464.0,15
2020-04-18,0.049041,0.050785,0.048975,0.050501,0.050501,534672464.0,18
2020-04-19,0.050499,0.050836,0.04903,0.049209,0.049209,523219785.0,16
2020-04-20,0.049199,0.053372,0.049019,0.049997,0.049997,742154168.0,15
2020-04-21,0.049925,0.051861,0.049662,0.051222,0.051222,495416209.0,17
2020-04-22,0.051208,0.055015,0.050969,0.054812,0.054812,561155181.0,19
2020-04-23,0.054835,0.064866,0.054783000000000005,0.061737,0.061737,993914721.0,19
2020-04-24,0.061824,0.065499,0.061022,0.061612,0.061612,671248452.0,20
2020-04-25,0.061611,0.063735,0.061308,0.062153,0.062153,526584850.0,24
2020-04-26,0.062009,0.063112,0.061522,0.0625,0.0625,550894044.0,21
2020-04-27,0.062087,0.068485,0.061742,0.067367,0.067367,711801196.0,28
2020-04-28,0.067273,0.070738,0.067036,0.069021,0.069021,820842387.0,26
2020-04-29,0.06904099999999999,0.07314,0.06756799999999999,0.07235,0.07235,929790801.0,26
2020-04-30,0.072385,0.073988,0.066768,0.06769700000000001,0.06769700000000001,859662107.0,44
2020-05-01,0.06778200000000001,0.073505,0.06778200000000001,0.07322200000000001,0.07322200000000001,764134318.0,40
2020-05-02,0.07310900000000001,0.076145,0.072102,0.07545,0.07545,721153691.0,40
2020-05-03,0.07557699999999999,0.076544,0.072521,0.07310599999999999,0.07310599999999999,755013661.0,45
2020-05-04,0.07308400000000001,0.074088,0.06866699999999999,0.073738,0.073738,701073658.0,44
2020-05-05,0.073744,0.07431499999999999,0.071737,0.07244500000000001,0.07244500000000001,572848081.0,40
2020-05-06,0.072387,0.073199,0.07119500000000001,0.07119500000000001,0.07119500000000001,634319026.0,42
2020-05-07,0.07119600000000001,0.07356599999999999,0.070758,0.07232100000000001,0.07232100000000001,676902337.0,49
2020-05-08,0.072364,0.074185,0.07101299999999999,0.073143,0.073143,615940985.0,55
2020-05-09,0.072925,0.073516,0.071599,0.07197100000000001,0.07197100000000001,615949072.0,56
2020-05-10,0.07196699999999999,0.07196699999999999,0.061108,0.064317,0.064317,820471098.0,48
2020-05-11,0.064307,0.065066,0.061184,0.062793,0.062793,676862243.0,40
2020-05-12,0.062795,0.070168,0.062352,0.069905,0.069905,717258193.0,39
2020-05-13,0.06992899999999999,0.070582,0.068298,0.069796,0.069796,668016410.0,41
2020-05-14,0.069645,0.0707,0.06737699999999999,0.069082,0.069082,667445362.0,40
2020-05-15,0.069084,0.069708,0.067102,0.067406,0.067406,589459285.0,44
2020-05-16,0.06740299999999999,0.06829,0.066845,0.06811,0.06811,433441328.0,41
2020-05-17,0.067966,0.071491,0.067938,0.0691,0.0691,530947005.0,40
2020-05-18,0.069062,0.071148,0.06872400000000001,0.070095,0.070095,594262835.0,50
2020-05-19,0.07005800000000001,0.07015700000000001,0.068618,0.06938899999999999,0.06938899999999999,427647345.0,50
2020-05-20,0.06940700000000001,0.071913,0.068613,0.070992,0.070992,530728877.0,52
2020-05-21,0.070996,0.071391,0.064559,0.066699,0.066699,504379554.0,49
2020-05-22,0.066728,0.069118,0.065799,0.06816699999999999,0.06816699999999999,473521124.0,42
2020-05-23,0.06816,0.069116,0.066711,0.067608,0.067608,400282442.0,40
2020-05-24,0.067549,0.068399,0.064795,0.06486,0.06486,390536763.0,43
2020-05-25,0.06464600000000001,0.066123,0.06421,0.066098,0.066098,450549233.0,41
2020-05-26,0.066216,0.066457,0.064151,0.06514400000000001,0.06514400000000001,371589056.0,39
2020-05-27,0.06511900000000001,0.067673,0.065026,0.06625199999999999,0.06625199999999999,437929645.0,39
2020-05-28,0.06629600000000001,0.06984,0.065979,0.068865,0.068865,453361150.0,41
2020-05-29,0.068824,0.06979199999999999,0.067134,0.067876,0.067876,440276090.0,48
2020-05-30,0.067842,0.07259299999999999,0.067041,0.072436,0.072436,510303238.0,48
2020-05-31,0.072399,0.076035,0.06948700000000001,0.070627,0.070627,636177470.0,51
2020-06-01,0.070631,0.076174,0.07016599999999999,0.075518,0.075518,620504741.0,50
2020-06-02,0.07541,0.08396,0.07534,0.07928400000000001,0.07928400000000001,798043368.0,56
2020-06-03,0.079349,0.083102,0.07699600000000001,0.08263200000000001,0.08263200000000001,625675420.0,48
2020-06-04,0.082708,0.08616900000000001,0.07975800000000001,0.082476,0.082476,728954392.0,54
2020-06-05,0.082406,0.083117,0.079276,0.07951799999999999,0.07951799999999999,643282514.0,53
2020-06-06,0.07949400000000001,0.08128400000000001,0.078731,0.07988300000000001,0.07988300000000001,499450887.0,54
2020-06-07,0.079863,0.08091,0.076096,0.079,0.079,497548454.0,54
2020-06-08,0.078975,0.080545,0.078276,0.08001,0.08001,394984022.0,53
2020-06-09,0.07998,0.080371,0.077688,0.078576,0.078576,431553013.0,52
2020-06-10,0.078538,0.079153,0.077709,0.078657,0.078657,462922723.0,54
2020-06-11,0.07871399999999999,0.079402,0.069982,0.071485,0.071485,590529752.0,52
2020-06-12,0.07142899999999999,0.07484400000000001,0.07091599999999999,0.073029,0.073029,463002957.0,38
2020-06-13,0.07299299999999999,0.074463,0.071993,0.074296,0.074296,388991889.0,38
2020-06-14,0.074385,0.074385,0.071092,0.071414,0.071414,389719568.0,40
2020-06-15,0.071414,0.07182999999999999,0.066148,0.07111,0.07111,475868940.0,37
2020-06-16,0.071024,0.072076,0.070118,0.071247,0.071247,422477438.0,39
2020-06-17,0.07136100000000001,0.073836,0.07016,0.071893,0.071893,460635041.0,38
2020-06-18,0.07190099999999999,0.072256,0.069863,0.070937,0.070937,396472624.0,40
2020-06-19,0.07094,0.07104500000000001,0.068845,0.069271,0.069271,409199952.0,39
2020-06-20,0.069271,0.070369,0.06870599999999999,0.069921,0.069921,373213605.0,38
2020-06-21,0.06982999999999999,0.070461,0.068699,0.068757,0.068757,329921806.0,37
2020-06-22,0.068755,0.071921,0.068733,0.071872,0.071872,414440267.0,38
2020-06-23,0.07189,0.072269,0.07007000000000001,0.071219,0.071219,377047281.0,41
2020-06-24,0.071293,0.072757,0.06858099999999999,0.069173,0.069173,372491015.0,50
2020-06-25,0.06931699999999999,0.07056,0.066312,0.06783099999999999,0.06783099999999999,331356547.0,43
2020-06-26,0.067853,0.068748,0.06650199999999999,0.067097,0.067097,314879213.0,40
2020-06-27,0.067087,0.067471,0.061251,0.063189,0.063189,283951205.0,43
2020-06-28,0.063189,0.065204,0.062204,0.06437799999999999,0.06437799999999999,220022782.0,40
2020-06-29,0.064467,0.065484,0.063159,0.065264,0.065264,291925173.0,41
2020-06-30,0.065076,0.067579,0.064234,0.06706799999999999,0.06706799999999999,289552123.0,44
2020-07-01,0.067105,0.069577,0.066242,0.068488,0.068488,316808164.0,42
2020-07-02,0.068525,0.070878,0.067248,0.068406,0.068406,290632981.0,42
2020-07-03,0.06841,0.06841,0.066771,0.067249,0.067249,204165764.0,41
2020-07-04,0.067234,0.06841599999999999,0.06654299999999999,0.067867,0.067867,218498800.0,40
2020-07-05,0.067854,0.068115,0.065755,0.067177,0.067177,202429385.0,38
2020-07-06,0.067177,0.071982,0.06664400000000001,0.071863,0.071863,279337235.0,40
2020-07-07,0.07167000000000001,0.073973,0.070344,0.073268,0.073268,257005980.0,43
2020-07-08,0.073287,0.085003,0.072658,0.085003,0.085003,471290003.0,44
2020-07-09,0.084874,0.097164,0.083337,0.090588,0.090588,845893278.0,44
2020-07-10,0.090524,0.090697,0.08300700000000001,0.088913,0.088913,529828870.0,41
2020-07-11,0.088926,0.100025,0.088755,0.094331,0.094331,604044703.0,44
2020-07-12,0.094334,0.097264,0.090747,0.095002,0.095002,382865014.0,41
2020-07-13,0.095002,0.097345,0.088453,0.090291,0.090291,389748252.0,43
2020-07-14,0.09022,0.092322,0.086238,0.092108,0.092108,305049008.0,43
2020-07-15,0.091956,0.095613,0.087782,0.094042,0.094042,391047540.0,44
2020-07-16,0.094064,0.102505,0.08931599999999999,0.100669,0.100669,505630696.0,43
2020-07-17,0.100758,0.106773,0.099677,0.103919,0.103919,505735318.0,41
2020-07-18,0.103775,0.104056,0.099309,0.100691,0.100691,266646100.0,44
2020-07-19,0.100707,0.101949,0.09739,0.099877,0.099877,215208318.0,41
2020-07-20,0.099898,0.101273,0.094055,0.094679,0.094679,238907306.0,44
2020-07-21,0.0946,0.097956,0.09408,0.096224,0.096224,222225815.0,44
2020-07-22,0.09617,0.097494,0.094478,0.097224,0.097224,188477646.0,50
2020-07-23,0.097261,0.100999,0.096909,0.097764,0.097764,259146414.0,55
2020-07-24,0.097764,0.097931,0.095256,0.095563,0.095563,221044089.0,53
2020-07-25,0.095662,0.100673,0.09533,0.100179,0.100179,237008047.0,55
2020-07-26,0.100115,0.105067,0.097449,0.098732,0.098732,328857055.0,55
2020-07-27,0.098681,0.099597,0.090114,0.094541,0.094541,347516202.0,58
2020-07-28,0.094529,0.097532,0.093606,0.097002,0.097002,298863222.0,76
2020-07-29,0.096977,0.099101,0.09506,0.095288,0.095288,241946098.0,71
2020-07-30,0.095302,0.097458,0.094837,0.096643,0.096643,180339488.0,76
2020-07-31,0.096671,0.097134,0.095435,0.096931,0.096931,176835286.0,75
2020-08-01,0.096931,0.107754,0.09688,0.106995,0.106995,400852491.0,75
2020-08-02,0.107006,0.114879,0.098981,0.10255,0.10255,499258062.0,80
2020-08-03,0.10264,0.108085,0.10173,0.105059,0.105059,307978252.0,75
2020-08-04,0.105056,0.111197,0.105056,0.109971,0.109971,322228936.0,72
2020-08-05,0.109911,0.11101400000000004,0.107409,0.107935,0.107935,236900060.0,75
2020-08-06,0.107863,0.108024,0.105615,0.106432,0.106432,217021091.0,79
2020-08-07,0.106427,0.107729,0.100053,0.103121,0.103121,425365420.0,77
2020-08-08,0.103177,0.104344,0.101834,0.10296,0.10296,179081363.0,77
2020-08-09,0.103151,0.106837,0.103098,0.10508599999999996,0.10508599999999996,219371826.0,79
2020-08-10,0.105186,0.10691,0.103885,0.105994,0.105994,235437880.0,78
2020-08-11,0.106026,0.108495,0.097953,0.100932,0.100932,531368379.0,84
2020-08-12,0.100965,0.103658,0.097064,0.102179,0.102179,223009012.0,75
2020-08-13,0.102146,0.103217,0.098174,0.102137,0.102137,231325307.0,75
2020-08-14,0.102176,0.108184,0.101302,0.104972,0.104972,269518943.0,78
2020-08-15,0.104988,0.108583,0.103698,0.106799,0.106799,258271148.0,79
2020-08-16,0.106762,0.115125,0.104407,0.114619,0.114619,286171648.0,82
2020-08-17,0.114619,0.118987,0.110739,0.113654,0.113654,419680340.0,83
2020-08-18,0.113649,0.116018,0.107948,0.10877,0.10877,256529526.0,82
2020-08-19,0.108803,0.109499,0.1001,0.102548,0.102548,252993404.0,80
2020-08-20,0.10252,0.107232,0.101224,0.107175,0.107175,199755664.0,75
2020-08-21,0.107228,0.109333,0.100383,0.100438,0.100438,267403132.0,81
2020-08-22,0.100439,0.102478,0.098509,0.10246199999999996,0.10246199999999996,206985739.0,78
2020-08-23,0.102399,0.10305,0.09921,0.10305,0.10305,162138541.0,76
2020-08-24,0.102973,0.105924,0.10146,0.103502,0.103502,170036740.0,78
2020-08-25,0.103518,0.103518,0.09665,0.098112,0.098112,226110548.0,75
2020-08-26,0.098079,0.100437,0.096691,0.098418,0.098418,235648983.0,76
2020-08-27,0.098362,0.098859,0.091609,0.093917,0.093917,251313087.0,75
2020-08-28,0.093926,0.096645,0.093185,0.095819,0.095819,185494720.0,74
2020-08-29,0.095797,0.097385,0.094889,0.096737,0.096737,176461129.0,79
2020-08-30,0.096713,0.09849,0.096603,0.098247,0.098247,194696528.0,75
2020-08-31,0.098315,0.098969,0.095455,0.097311,0.097311,200377295.0,75
2020-09-01,0.097283,0.100862,0.096516,0.099379,0.099379,261417048.0,75
2020-09-02,0.099352,0.099816,0.090364,0.09265,0.09265,270916414.0,83
2020-09-03,0.092604,0.093033,0.07877,0.079447,0.079447,278190195.0,79
2020-09-04,0.079314,0.083094,0.0762,0.081452,0.081452,299460315.0,40
2020-09-05,0.081374,0.083175,0.074044,0.075512,0.075512,227987351.0,41
2020-09-06,0.075512,0.07914600000000001,0.072577,0.077862,0.077862,198268220.0,41
2020-09-07,0.077859,0.079327,0.074667,0.078691,0.078691,163474090.0,41
2020-09-08,0.078683,0.079577,0.075751,0.077537,0.077537,149705922.0,41
2020-09-09,0.07754,0.07987899999999999,0.076021,0.078626,0.078626,118253396.0,38
2020-09-10,0.078612,0.083386,0.078583,0.08132400000000001,0.08132400000000001,161477831.0,38
2020-09-11,0.08132400000000001,0.08441799999999999,0.07939700000000001,0.08380800000000001,0.08380800000000001,142072516.0,41
2020-09-12,0.083891,0.08527699999999999,0.083005,0.084105,0.084105,130594675.0,41
2020-09-13,0.084105,0.08465800000000001,0.079566,0.08006100000000001,0.08006100000000001,140385591.0,38
2020-09-14,0.080064,0.082753,0.079432,0.080452,0.080452,150757355.0,39
2020-09-15,0.080486,0.0816,0.07810700000000001,0.07825599999999999,0.07825599999999999,168607726.0,47
2020-09-16,0.078296,0.081559,0.07596,0.080199,0.080199,183746302.0,43
2020-09-17,0.080304,0.082072,0.07842,0.080424,0.080424,154219419.0,48
2020-09-18,0.080424,0.080607,0.077935,0.078461,0.078461,110248244.0,49
2020-09-19,0.078476,0.081263,0.077788,0.07898,0.07898,102880672.0,48
2020-09-20,0.078979,0.079054,0.076007,0.07740599999999999,0.07740599999999999,101725308.0,52
2020-09-21,0.077419,0.077698,0.070173,0.070703,0.070703,124951989.0,48
2020-09-22,0.070663,0.07251200000000001,0.070016,0.071987,0.071987,108176092.0,39
2020-09-23,0.071987,0.072588,0.06756799999999999,0.06777799999999999,0.06777799999999999,115234143.0,43
2020-09-24,0.067754,0.070844,0.067289,0.070631,0.070631,139546919.0,39
2020-09-25,0.070613,0.075711,0.069586,0.074668,0.074668,164765497.0,46
2020-09-26,0.07471900000000001,0.07644,0.073048,0.074222,0.074222,119871709.0,45
2020-09-27,0.07422899999999999,0.075032,0.07199,0.073629,0.073629,116260361.0,47
2020-09-28,0.073629,0.076001,0.073507,0.073706,0.073706,132079368.0,43
2020-09-29,0.073667,0.075179,0.072617,0.074425,0.074425,119672763.0,45
2020-09-30,0.074415,0.075222,0.072641,0.07497000000000001,0.07497000000000001,118117386.0,49
2020-10-01,0.07506900000000001,0.076537,0.072295,0.073404,0.073404,155657917.0,45
2020-10-02,0.073397,0.074049,0.069871,0.071269,0.071269,157133885.0,41
2020-10-03,0.07129400000000001,0.072463,0.071033,0.07151,0.07151,106056272.0,40
2020-10-04,0.07151,0.073663,0.07102699999999999,0.073291,0.073291,109200107.0,42
2020-10-05,0.073291,0.07430199999999999,0.072821,0.073556,0.073556,130542568.0,42
2020-10-06,0.073589,0.075124,0.072127,0.072645,0.072645,159638368.0,47
2020-10-07,0.072645,0.07334700000000001,0.071159,0.07259600000000001,0.07259600000000001,131878153.0,43
2020-10-08,0.072585,0.073568,0.070895,0.07332000000000001,0.07332000000000001,130094183.0,46
2020-10-09,0.07509600000000001,0.078274,0.075077,0.077373,0.077373,145849675.0,48
2020-10-10,0.07509600000000001,0.078274,0.075077,0.077373,0.077373,145849675.0,53
2020-10-11,0.077351,0.078659,0.07698300000000001,0.07722899999999999,0.07722899999999999,120268596.0,55
2020-10-12,0.076366,0.076726,0.07396599999999999,0.074283,0.074283,120454176.0,52
2020-10-13,0.076366,0.076726,0.07396599999999999,0.074283,0.074283,120454176.0,56
2020-10-14,0.076366,0.076726,0.07396599999999999,0.074283,0.074283,120454176.0,53
2020-10-15,0.074199,0.074375,0.072213,0.074041,0.074041,115219952.0,56
2020-10-16,0.074048,0.078747,0.072507,0.078702,0.078702,160931240.0,52
2020-10-17,0.078954,0.083563,0.07789299999999999,0.081916,0.081916,268590382.0,56
2020-10-18,0.081742,0.08217200000000001,0.079374,0.079551,0.079551,165059604.0,55
2020-10-19,0.079581,0.087262,0.079509,0.085249,0.085249,306021433.0,55
2020-10-20,0.085283,0.086542,0.080747,0.08090599999999999,0.08090599999999999,216687519.0,56
2020-10-21,0.080915,0.086224,0.08080599999999999,0.08378,0.08378,234581977.0,61
2020-10-22,0.08374,0.08732899999999999,0.08374,0.08528,0.08528,195477498.0,73
2020-10-23,0.08544199999999999,0.086336,0.083136,0.08379500000000001,0.08379500000000001,153182270.0,74
2020-10-24,0.08379600000000001,0.085971,0.083478,0.085437,0.085437,143789489.0,73
2020-10-25,0.085437,0.085636,0.082587,0.083143,0.083143,139158127.0,76
2020-10-26,0.083143,0.084229,0.080218,0.080907,0.080907,181364928.0,75
2020-10-27,0.08090599999999999,0.083014,0.08090599999999999,0.081809,0.081809,173073310.0,61
2020-10-28,0.081809,0.082096,0.077678,0.078592,0.078592,166210480.0,70
2020-10-29,0.078592,0.078983,0.07577,0.077453,0.077453,143150634.0,67
2020-10-30,0.077454,0.078472,0.07496,0.076763,0.076763,118612988.0,74
2020-10-31,0.076763,0.079489,0.076601,0.077673,0.077673,137580784.0,73
2020-11-01,0.077673,0.078591,0.076655,0.07847799999999999,0.07847799999999999,115500841.0,72
2020-11-02,0.078475,0.079278,0.075581,0.07566,0.07566,129525552.0,71
2020-11-03,0.07566,0.076316,0.07355,0.075311,0.075311,126769721.0,71
2020-11-04,0.07532,0.075638,0.072922,0.07459299999999999,0.07459299999999999,118999480.0,74
2020-11-05,0.07459400000000001,0.082116,0.07370299999999999,0.080175,0.080175,180475299.0,72
2020-11-06,0.08016799999999999,0.085136,0.080165,0.083874,0.083874,197958333.0,90
2020-11-07,0.083874,0.08594500000000001,0.078584,0.079614,0.079614,207531867.0,88
2020-11-08,0.079614,0.08276599999999999,0.07888300000000001,0.081538,0.081538,137449751.0,82
2020-11-09,0.08154,0.082062,0.07825499999999999,0.079677,0.079677,151868375.0,90
2020-11-10,0.079687,0.082188,0.079318,0.079828,0.079828,151230471.0,90
2020-11-11,0.079827,0.082051,0.079692,0.080692,0.080692,142374410.0,86
2020-11-12,0.080689,0.08088200000000001,0.079326,0.080666,0.080666,135597876.0,87
2020-11-13,0.080663,0.082386,0.08002000000000001,0.08231799999999999,0.08231799999999999,141302911.0,89
2020-11-14,0.08231799999999999,0.08405800000000001,0.081032,0.08115800000000001,0.08115800000000001,171038961.0,90
2020-11-15,0.08115800000000001,0.08218400000000001,0.079229,0.080294,0.080294,130851376.0,86
2020-11-16,0.080294,0.082303,0.079588,0.08189600000000001,0.08189600000000001,144088171.0,90
2020-11-17,0.083962,0.087811,0.08346100000000001,0.086075,0.086075,234814750.0,86
2020-11-18,0.08607200000000001,0.086526,0.08196,0.083615,0.083615,200409056.0,91
2020-11-19,0.083616,0.08565700000000001,0.081631,0.083906,0.083906,159838550.0,94
2020-11-20,0.08390800000000001,0.08831,0.083775,0.08830700000000001,0.08830700000000001,177052672.0,86
2020-11-21,0.08830700000000001,0.10893,0.08830700000000001,0.108405,0.108405,646627498.0,91
2020-11-22,0.108405,0.113919,0.097502,0.103526,0.103526,689900728.0,94
2020-11-23,0.103526,0.1311,0.101743,0.130599,0.130599,881252331.0,90
2020-11-24,0.130651,0.1965,0.130651,0.19548,0.19548,3759466315.0,88
2020-11-25,0.195058,0.22978,0.183562,0.195202,0.195202,3400050501.0,94
2020-11-26,0.194962,0.204134,0.147946,0.167548,0.167548,2426960775.0,93
2020-11-27,0.16780499999999998,0.206409,0.16388,0.206409,0.206409,2262645472.0,86
2020-11-28,0.20666,0.21905700000000008,0.196406,0.200203,0.200203,2016734578.0,87
2020-11-29,0.200298,0.202338,0.189708,0.194224,0.194224,987586583.0,89
2020-11-30,0.194195,0.204532,0.189645,0.202093,0.202093,1061790831.0,88
2020-12-01,0.20216,0.203534,0.177947,0.184425,0.184425,917146767.0,95
2020-12-02,0.184473,0.187982,0.17835299999999998,0.185151,0.185151,588076706.0,92
2020-12-03,0.185249,0.189407,0.180338,0.184304,0.184304,489435452.0,92
2020-12-04,0.184328,0.188008,0.16072,0.162855,0.162855,575389419.0,92
2020-12-05,0.162703,0.175897,0.160525,0.171718,0.171718,428643561.0,93
2020-12-06,0.17173,0.17962,0.16809300000000002,0.17563,0.17563,410343063.0,95
2020-12-07,0.17563199999999998,0.175955,0.165773,0.16846,0.16846,317729160.0,94
2020-12-08,0.168471,0.168471,0.15018199999999998,0.152803,0.152803,432945452.0,95
2020-12-09,0.152774,0.173848,0.140441,0.172224,0.172224,935284783.0,86
2020-12-10,0.172295,0.17681,0.161102,0.161102,0.161102,770957773.0,94
2020-12-11,0.16111199999999998,0.164297,0.15118,0.15118,0.15118,608768064.0,89
2020-12-12,0.151131,0.16403900000000002,0.150714,0.15895,0.15895,509594961.0,90
2020-12-13,0.158959,0.179206,0.1559,0.174852,0.174852,689055367.0,91
2020-12-14,0.175201,0.178075,0.16699,0.169762,0.169762,522592210.0,95
2020-12-15,0.16978800000000002,0.17626,0.165491,0.16655699999999998,0.16655699999999998,469193894.0,91
2020-12-16,0.166502,0.191815,0.159912,0.191401,0.191401,1059791080.0,92
2020-12-17,0.19127,0.206463,0.180859,0.185935,0.185935,1664078484.0,92
2020-12-18,0.185971,0.188986,0.177644,0.185127,0.185127,822786727.0,95
2020-12-19,0.185072,0.187856,0.180467,0.181837,0.181837,483210984.0,93
2020-12-20,0.181832,0.181987,0.175738,0.176979,0.176979,459139596.0,92
2020-12-21,0.176974,0.17991400000000002,0.161052,0.166357,0.166357,509445346.0,92
2020-12-22,0.166178,0.169725,0.154086,0.162185,0.162185,661299925.0,88
2020-12-23,0.16221300000000002,0.162241,0.113173,0.126471,0.126471,1192456990.0,93
2020-12-24,0.12682000000000002,0.16528800000000002,0.125073,0.15962,0.15962,1571608569.0,86
2020-12-25,0.159195,0.16657,0.148837,0.152587,0.152587,864019522.0,94
2020-12-26,0.15251900000000002,0.155128,0.144831,0.147047,0.147047,532755621.0,93
2020-12-27,0.147044,0.15492999999999998,0.13536099999999998,0.144973,0.144973,758476186.0,91
2020-12-28,0.145099,0.154212,0.14213399999999998,0.144375,0.144375,578664860.0,92
2020-12-29,0.144359,0.148768,0.129052,0.13881500000000002,0.13881500000000002,762785956.0,91
2020-12-30,0.13876,0.139266,0.129891,0.131913,0.131913,555793351.0,91
2020-12-31,0.13198900000000002,0.13216,0.124408,0.12837,0.12837,484196978.0,95
2021-01-01,0.128321,0.139801,0.127367,0.132408,0.132408,493194345.0,94
2021-01-02,0.132471,0.13461800000000002,0.12756099999999998,0.12782000000000002,0.12782000000000002,463295709.0,94
2021-01-03,0.12784700000000002,0.138974,0.124531,0.136423,0.136423,694141229.0,93
2021-01-04,0.13664400000000002,0.165951,0.130889,0.16518,0.16518,1650893150.0,94
2021-01-05,0.16509400000000002,0.209966,0.151998,0.194823,0.194823,2558465429.0,93
2021-01-06,0.194671,0.383481,0.194237,0.340793,0.340793,10408578427.0,95
2021-01-07,0.343158,0.402339,0.297414,0.315797,0.315797,6253336842.0,91
2021-01-08,0.315623,0.33049,0.269229,0.302836,0.302836,3650270362.0,93
2021-01-09,0.30271,0.33018000000000003,0.286515,0.311935,0.311935,2262748352.0,93
2021-01-10,0.312166,0.326392,0.267365,0.288749,0.288749,1949483668.0,94
2021-01-11,0.288331,0.288331,0.21455900000000008,0.27223800000000004,0.27223800000000004,2510439297.0,90
2021-01-12,0.272099,0.310917,0.256877,0.281743,0.281743,2951493960.0,84
2021-01-13,0.281518,0.30795,0.277566,0.304022,0.304022,1932760186.0,78
2021-01-14,0.304195,0.319328,0.288188,0.30262,0.30262,1746390818.0,83
2021-01-15,0.302697,0.310724,0.26346,0.284941,0.284941,1546747797.0,88
2021-01-16,0.28478600000000004,0.309605,0.27885,0.29201900000000003,0.29201900000000003,1576551021.0,84
2021-01-17,0.291908,0.318398,0.288035,0.303566,0.303566,1884116937.0,79
2021-01-18,0.303366,0.307442,0.295037,0.303611,0.303611,1011246742.0,79
2021-01-19,0.303752,0.31740100000000004,0.296744,0.29940500000000003,0.29940500000000003,1530976794.0,80
2021-01-20,0.29909,0.301187,0.277111,0.29435100000000003,0.29435100000000003,1160924328.0,78
2021-01-21,0.294397,0.294691,0.2462030000000001,0.252603,0.252603,1083947046.0,75
2021-01-22,0.252395,0.280236,0.229391,0.27050100000000005,0.27050100000000005,1392207582.0,40
2021-01-23,0.269934,0.277927,0.264482,0.269755,0.269755,875595181.0,74
2021-01-24,0.26968400000000003,0.281912,0.263895,0.271556,0.271556,806028759.0,70
2021-01-25,0.271473,0.276463,0.261377,0.262179,0.262179,713468709.0,74
2021-01-26,0.262006,0.264865,0.25042,0.261567,0.261567,670565995.0,71
2021-01-27,0.2616,0.261921,0.231787,0.23907,0.23907,669146236.0,78
2021-01-28,0.238921,0.259673,0.233803,0.255423,0.255423,793515246.0,55
2021-01-29,0.304425,0.366745,0.287883,0.294674,0.294674,5357767876.0,77
2021-01-30,0.294144,0.35356,0.280146,0.324866,0.324866,3891286887.0,76
2021-01-31,0.324993,0.336867,0.297156,0.305702,0.305702,2305438899.0,78
2021-02-01,0.305749,0.35945,0.295178,0.321835,0.321835,3711837885.0,77
2021-02-02,0.321843,0.346097,0.317043,0.33662,0.33662,2229603871.0,76
2021-02-03,0.336899,0.34499,0.32876700000000003,0.34215100000000004,0.34215100000000004,1486186863.0,78
2021-02-04,0.342194,0.345249,0.313897,0.325229,0.325229,1554404275.0,80
2021-02-05,0.325139,0.357348,0.325063,0.349607,0.349607,2146857567.0,81
2021-02-06,0.349286,0.391802,0.336326,0.3763,0.3763,2538410914.0,84
2021-02-07,0.376046,0.416517,0.365365,0.383473,0.383473,5026694578.0,86
2021-02-08,0.383338,0.398869,0.372931,0.395606,0.395606,2542466582.0,83
2021-02-09,0.395263,0.400816,0.383601,0.396737,0.396737,1818075317.0,95
2021-02-10,0.396623,0.4385600000000001,0.383835,0.412419,0.412419,3501396594.0,92
2021-02-11,0.411791,0.464213,0.411791,0.452912,0.452912,3244799993.0,93
2021-02-12,0.4529,0.530949,0.440782,0.5278430000000001,0.5278430000000001,3705074297.0,92
2021-02-13,0.526854,0.600825,0.515171,0.559948,0.559948,5519338626.0,92
2021-02-14,0.560921,0.574094,0.49873,0.517644,0.517644,3078578193.0,95
2021-02-15,0.516416,0.537089,0.436805,0.493762,0.493762,3202896143.0,93
2021-02-16,0.493445,0.513889,0.472625,0.48661,0.48661,2101777439.0,95
2021-02-17,0.486527,0.507955,0.459225,0.4970020000000001,0.4970020000000001,1859433188.0,95
2021-02-18,0.496831,0.515467,0.486292,0.497508,0.497508,1663443587.0,91
2021-02-19,0.497597,0.5213,0.486387,0.513602,0.513602,1683567104.0,93
2021-02-20,0.513544,0.5320819999999999,0.467735,0.4880060000000001,0.4880060000000001,2152043635.0,91
2021-02-21,0.48737,0.508419,0.478347,0.498768,0.498768,1691495133.0,91
2021-02-22,0.498626,0.523043,0.399723,0.466957,0.466957,2952779389.0,94
2021-02-23,0.466542,0.466542,0.322049,0.38653,0.38653,2962479689.0,94
2021-02-24,0.386795,0.432824,0.370403,0.40724,0.40724,1862049592.0,76
2021-02-25,0.407084,0.425786,0.381269,0.381269,0.381269,1320643982.0,79
2021-02-26,0.382205,0.401098,0.357837,0.400678,0.400678,1387062138.0,55
2021-02-27,0.40102,0.470942,0.40102,0.441458,0.441458,2799346118.0,56
2021-02-28,0.441513,0.451634,0.386119,0.406651,0.406651,1888502990.0,55
2021-03-01,0.406942,0.435909,0.403503,0.430318,0.430318,1390709358.0,38
2021-03-02,0.430409,0.436545,0.399533,0.419565,0.419565,1167447987.0,78
2021-03-03,0.420124,0.438043,0.414655,0.422105,0.422105,1195050006.0,78
2021-03-04,0.421876,0.427286,0.404421,0.413222,0.413222,1067768373.0,84
2021-03-05,0.412792,0.412792,0.38826,0.40617,0.40617,839856756.0,77
2021-03-06,0.405861,0.408054,0.394103,0.40331,0.40331,680865154.0,77
2021-03-07,0.40336,0.421909,0.40336,0.4128439999999999,0.4128439999999999,796240412.0,76
2021-03-08,0.41299,0.420215,0.403189,0.417532,0.417532,857074336.0,81
2021-03-09,0.4174890000000001,0.433775,0.412946,0.43265,0.43265,1048814189.0,81
2021-03-10,0.43233,0.432621,0.407995,0.410769,0.410769,975485394.0,68
2021-03-11,0.410388,0.412951,0.397844,0.4059,0.4059,952021130.0,73
2021-03-12,0.406159,0.407849,0.382021,0.387871,0.387871,932051704.0,70
2021-03-13,0.387941,0.411789,0.37766,0.408264,0.408264,1078554244.0,74
2021-03-14,0.408054,0.40827,0.390867,0.391533,0.391533,788965241.0,78
2021-03-15,0.391378,0.398947,0.371128,0.385499,0.385499,979911106.0,76
2021-03-16,0.385337,0.410486,0.375692,0.395747,0.395747,1172225532.0,71
2021-03-17,0.395801,0.406407,0.388862,0.404744,0.404744,931660142.0,71
2021-03-18,0.404692,0.409544,0.387722,0.397609,0.397609,857862584.0,72
2021-03-19,0.397451,0.403751,0.391117,0.398328,0.398328,779831001.0,71
2021-03-20,0.398286,0.43922,0.396472,0.417488,0.417488,1573144660.0,75
2021-03-21,0.417621,0.425371,0.395432,0.404999,0.404999,1202061273.0,73
2021-03-22,0.404982,0.425933,0.396546,0.39674,0.39674,1398256291.0,70
2021-03-23,0.396633,0.411715,0.392164,0.400086,0.400086,1103779839.0,66
2021-03-24,0.399935,0.406021,0.360685,0.368639,0.368639,976328018.0,65
2021-03-25,0.3684,0.373741,0.350271,0.3659,0.3659,1066307446.0,60
2021-03-26,0.366,0.3889260000000001,0.36491,0.387505,0.387505,905696765.0,54
2021-03-27,0.38746,0.392437,0.375505,0.384722,0.384722,716032418.0,65
2021-03-28,0.384728,0.414434,0.381362,0.399341,0.399341,1322103231.0,74
2021-03-29,0.399779,0.412981,0.394829,0.407883,0.407883,932211824.0,72
2021-03-30,0.407803,0.415185,0.403324,0.405941,0.405941,883027112.0,72
2021-03-31,0.40591,0.412399,0.388911,0.4108979999999999,0.4108979999999999,1052641432.0,76
2021-04-01,0.411138,0.436558,0.4086,0.432512,0.432512,1465378533.0,74
2021-04-02,0.432389,0.472328,0.432389,0.446585,0.446585,2189259118.0,74
2021-04-03,0.44604,0.465448,0.417844,0.418054,0.418054,1617541085.0,73
2021-04-04,0.418045,0.442787,0.412271,0.437807,0.437807,1213059845.0,74
2021-04-05,0.437827,0.550972,0.433933,0.536367,0.536367,4476131328.0,71
2021-04-06,0.5390739999999999,0.581041,0.487475,0.542744,0.542744,4717764852.0,75
2021-04-07,0.543126,0.548016,0.457965,0.47328,0.47328,2697133800.0,72
2021-04-08,0.473695,0.50716,0.471223,0.5068159999999999,0.5068159999999999,1584288709.0,73
2021-04-09,0.507053,0.507053,0.478914,0.486387,0.486387,1072231147.0,70
2021-04-10,0.4869350000000001,0.5931609999999999,0.4833,0.561829,0.561829,3632750033.0,70
2021-04-11,0.562593,0.654936,0.5563279999999999,0.5888100000000001,0.5888100000000001,5784803709.0,76
2021-04-12,0.585272,0.606282,0.567617,0.590592,0.590592,2677108329.0,74
2021-04-13,0.590266,0.683775,0.577397,0.655356,0.655356,4359650544.0,74
2021-04-14,0.655471,0.689814,0.588875,0.636735,0.636735,3686360458.0,75
2021-04-15,0.636646,0.649466,0.615953,0.6410399999999999,0.6410399999999999,1884434890.0,79
2021-04-16,0.6404989999999999,0.65425,0.567647,0.613263,0.613263,2279497102.0,78
2021-04-17,0.611468,0.644146,0.595684,0.599255,0.599255,1747763981.0,76
2021-04-18,0.598581,0.605939,0.463715,0.544734,0.544734,2642964343.0,79
2021-04-19,0.5455939999999999,0.566025,0.493378,0.5012340000000001,0.5012340000000001,1896493046.0,74
2021-04-20,0.499658,0.5296850000000001,0.470132,0.52795,0.52795,1793260649.0,73
2021-04-21,0.529435,0.5378149999999999,0.485602,0.492088,0.492088,1483729152.0,73
2021-04-22,0.49062,0.512949,0.44653,0.450346,0.450346,1696917155.0,65
2021-04-23,0.450246,0.456459,0.366694,0.450892,0.450892,2437398588.0,55
2021-04-24,0.451023,0.460183,0.413715,0.425746,0.425746,1406030264.0,37
2021-04-25,0.425383,0.444662,0.401994,0.416438,0.416438,1131194565.0,31
2021-04-26,0.416658,0.486366,0.414844,0.48561,0.48561,1580164878.0,27
2021-04-27,0.486563,0.52212,0.476718,0.509479,0.509479,1554353642.0,50
2021-04-28,0.509858,0.521321,0.476058,0.497349,0.497349,1117111605.0,59
2021-04-29,0.497523,0.508478,0.477725,0.491797,0.491797,879179804.0,52
2021-04-30,0.4919810000000001,0.539698,0.485537,0.529526,0.529526,1485447208.0,51
2021-05-01,0.529514,0.539802,0.513592,0.539802,0.539802,1056846205.0,68
2021-05-02,0.540107,0.559811,0.5143949999999999,0.559492,0.559492,1396734702.0,66
2021-05-03,0.55555,0.5731890000000001,0.540592,0.552142,0.552142,1414103796.0,61
2021-05-04,0.551081,0.551081,0.497235,0.503323,0.503323,1615564898.0,68
2021-05-05,0.501947,0.603429,0.497103,0.603429,0.603429,2837953135.0,48
2021-05-06,0.605715,0.688806,0.597638,0.6510319999999999,0.6510319999999999,4880860756.0,65
2021-05-07,0.649812,0.6877880000000001,0.60575,0.6303770000000001,0.6303770000000001,3018476550.0,64
2021-05-08,0.630861,0.640806,0.605224,0.6165510000000001,0.6165510000000001,1673520774.0,67
2021-05-09,0.614915,0.633067,0.577509,0.6285890000000001,0.6285890000000001,2060435745.0,73
2021-05-10,0.627909,0.778104,0.6155189999999999,0.659579,0.659579,6716066186.0,72
2021-05-11,0.657429,0.73951,0.620578,0.729996,0.729996,4500602885.0,61
2021-05-12,0.733122,0.736246,0.588705,0.588705,0.588705,2788838782.0,68
2021-05-13,0.592693,0.660812,0.550611,0.644151,0.644151,3672409153.0,31
2021-05-14,0.6499159999999999,0.706339,0.637729,0.668042,0.668042,3235407543.0,26
2021-05-15,0.6661130000000001,0.7408140000000001,0.650728,0.676241,0.676241,4130301427.0,27
2021-05-16,0.681264,0.796471,0.663512,0.714302,0.714302,5094441207.0,20
2021-05-17,0.711321,0.7118979999999999,0.621145,0.645601,0.645601,3497099452.0,27
2021-05-18,0.642654,0.700613,0.635705,0.647115,0.647115,2692243772.0,21
2021-05-19,0.646868,0.656308,0.30350900000000003,0.450427,0.450427,4216540503.0,23
2021-05-20,0.445545,0.534172,0.401287,0.49759,0.49759,2728401423.0,11
2021-05-21,0.495837,0.511039,0.373221,0.419355,0.419355,2137903903.0,19
2021-05-22,0.419915,0.422053,0.367985,0.389953,0.389953,1654933818.0,12
2021-05-23,0.389778,0.402295,0.27615300000000004,0.367805,0.367805,2168248423.0,14
2021-05-24,0.365083,0.448125,0.360807,0.439702,0.439702,2433154244.0,10
2021-05-25,0.439683,0.459465,0.408748,0.428813,0.428813,1995356890.0,22
2021-05-26,0.4300810000000001,0.470972,0.421735,0.444674,0.444674,1739319175.0,22
2021-05-27,0.444636,0.447053,0.411575,0.418591,0.418591,1382884710.0,27
2021-05-28,0.420143,0.425856,0.364854,0.398792,0.398792,1567740989.0,21
2021-05-29,0.39934,0.408593,0.3447,0.367157,0.367157,1377823083.0,18
2021-05-30,0.367259,0.398601,0.347867,0.375688,0.375688,887569757.0,10
2021-05-31,0.374953,0.409863,0.365917,0.403407,0.403407,1054749322.0,18
